DATA;ANO;DIA_MES;MES;DIA_SEMANA;TRIMESTRE;ID_TEMPO
01/01/2004;2004;1;1;5;1;1
02/01/2004;2004;2;1;6;1;2
03/01/2004;2004;3;1;7;1;3
04/01/2004;2004;4;1;1;1;4
05/01/2004;2004;5;1;2;1;5
06/01/2004;2004;6;1;3;1;6
07/01/2004;2004;7;1;4;1;7
08/01/2004;2004;8;1;5;1;8
09/01/2004;2004;9;1;6;1;9
10/01/2004;2004;10;1;7;1;10
11/01/2004;2004;11;1;1;1;11
12/01/2004;2004;12;1;2;1;12
13/01/2004;2004;13;1;3;1;13
14/01/2004;2004;14;1;4;1;14
15/01/2004;2004;15;1;5;1;15
16/01/2004;2004;16;1;6;1;16
17/01/2004;2004;17;1;7;1;17
18/01/2004;2004;18;1;1;1;18
19/01/2004;2004;19;1;2;1;19
20/01/2004;2004;20;1;3;1;20
21/01/2004;2004;21;1;4;1;21
22/01/2004;2004;22;1;5;1;22
23/01/2004;2004;23;1;6;1;23
24/01/2004;2004;24;1;7;1;24
25/01/2004;2004;25;1;1;1;25
26/01/2004;2004;26;1;2;1;26
27/01/2004;2004;27;1;3;1;27
28/01/2004;2004;28;1;4;1;28
29/01/2004;2004;29;1;5;1;29
30/01/2004;2004;30;1;6;1;30
31/01/2004;2004;31;1;7;1;31
01/02/2004;2004;1;2;1;1;32
02/02/2004;2004;2;2;2;1;33
03/02/2004;2004;3;2;3;1;34
04/02/2004;2004;4;2;4;1;35
05/02/2004;2004;5;2;5;1;36
06/02/2004;2004;6;2;6;1;37
07/02/2004;2004;7;2;7;1;38
08/02/2004;2004;8;2;1;1;39
09/02/2004;2004;9;2;2;1;40
10/02/2004;2004;10;2;3;1;41
11/02/2004;2004;11;2;4;1;42
12/02/2004;2004;12;2;5;1;43
13/02/2004;2004;13;2;6;1;44
14/02/2004;2004;14;2;7;1;45
15/02/2004;2004;15;2;1;1;46
16/02/2004;2004;16;2;2;1;47
17/02/2004;2004;17;2;3;1;48
18/02/2004;2004;18;2;4;1;49
19/02/2004;2004;19;2;5;1;50
20/02/2004;2004;20;2;6;1;51
21/02/2004;2004;21;2;7;1;52
22/02/2004;2004;22;2;1;1;53
23/02/2004;2004;23;2;2;1;54
24/02/2004;2004;24;2;3;1;55
25/02/2004;2004;25;2;4;1;56
26/02/2004;2004;26;2;5;1;57
27/02/2004;2004;27;2;6;1;58
28/02/2004;2004;28;2;7;1;59
29/02/2004;2004;29;2;1;1;60
01/03/2004;2004;1;3;2;1;61
02/03/2004;2004;2;3;3;1;62
03/03/2004;2004;3;3;4;1;63
04/03/2004;2004;4;3;5;1;64
05/03/2004;2004;5;3;6;1;65
06/03/2004;2004;6;3;7;1;66
07/03/2004;2004;7;3;1;1;67
08/03/2004;2004;8;3;2;1;68
09/03/2004;2004;9;3;3;1;69
10/03/2004;2004;10;3;4;1;70
11/03/2004;2004;11;3;5;1;71
12/03/2004;2004;12;3;6;1;72
13/03/2004;2004;13;3;7;1;73
14/03/2004;2004;14;3;1;1;74
15/03/2004;2004;15;3;2;1;75
16/03/2004;2004;16;3;3;1;76
17/03/2004;2004;17;3;4;1;77
18/03/2004;2004;18;3;5;1;78
19/03/2004;2004;19;3;6;1;79
20/03/2004;2004;20;3;7;1;80
21/03/2004;2004;21;3;1;1;81
22/03/2004;2004;22;3;2;1;82
23/03/2004;2004;23;3;3;1;83
24/03/2004;2004;24;3;4;1;84
25/03/2004;2004;25;3;5;1;85
26/03/2004;2004;26;3;6;1;86
27/03/2004;2004;27;3;7;1;87
28/03/2004;2004;28;3;1;1;88
29/03/2004;2004;29;3;2;1;89
30/03/2004;2004;30;3;3;1;90
31/03/2004;2004;31;3;4;1;91
01/04/2004;2004;1;4;5;2;92
02/04/2004;2004;2;4;6;2;93
03/04/2004;2004;3;4;7;2;94
04/04/2004;2004;4;4;1;2;95
05/04/2004;2004;5;4;2;2;96
06/04/2004;2004;6;4;3;2;97
07/04/2004;2004;7;4;4;2;98
08/04/2004;2004;8;4;5;2;99
09/04/2004;2004;9;4;6;2;100
10/04/2004;2004;10;4;7;2;101
11/04/2004;2004;11;4;1;2;102
12/04/2004;2004;12;4;2;2;103
13/04/2004;2004;13;4;3;2;104
14/04/2004;2004;14;4;4;2;105
15/04/2004;2004;15;4;5;2;106
16/04/2004;2004;16;4;6;2;107
17/04/2004;2004;17;4;7;2;108
18/04/2004;2004;18;4;1;2;109
19/04/2004;2004;19;4;2;2;110
20/04/2004;2004;20;4;3;2;111
21/04/2004;2004;21;4;4;2;112
22/04/2004;2004;22;4;5;2;113
23/04/2004;2004;23;4;6;2;114
24/04/2004;2004;24;4;7;2;115
25/04/2004;2004;25;4;1;2;116
26/04/2004;2004;26;4;2;2;117
27/04/2004;2004;27;4;3;2;118
28/04/2004;2004;28;4;4;2;119
29/04/2004;2004;29;4;5;2;120
30/04/2004;2004;30;4;6;2;121
01/05/2004;2004;1;5;7;2;122
02/05/2004;2004;2;5;1;2;123
03/05/2004;2004;3;5;2;2;124
04/05/2004;2004;4;5;3;2;125
05/05/2004;2004;5;5;4;2;126
06/05/2004;2004;6;5;5;2;127
07/05/2004;2004;7;5;6;2;128
08/05/2004;2004;8;5;7;2;129
09/05/2004;2004;9;5;1;2;130
10/05/2004;2004;10;5;2;2;131
11/05/2004;2004;11;5;3;2;132
12/05/2004;2004;12;5;4;2;133
13/05/2004;2004;13;5;5;2;134
14/05/2004;2004;14;5;6;2;135
15/05/2004;2004;15;5;7;2;136
16/05/2004;2004;16;5;1;2;137
17/05/2004;2004;17;5;2;2;138
18/05/2004;2004;18;5;3;2;139
19/05/2004;2004;19;5;4;2;140
20/05/2004;2004;20;5;5;2;141
21/05/2004;2004;21;5;6;2;142
22/05/2004;2004;22;5;7;2;143
23/05/2004;2004;23;5;1;2;144
24/05/2004;2004;24;5;2;2;145
25/05/2004;2004;25;5;3;2;146
26/05/2004;2004;26;5;4;2;147
27/05/2004;2004;27;5;5;2;148
28/05/2004;2004;28;5;6;2;149
29/05/2004;2004;29;5;7;2;150
30/05/2004;2004;30;5;1;2;151
31/05/2004;2004;31;5;2;2;152
01/06/2004;2004;1;6;3;2;153
02/06/2004;2004;2;6;4;2;154
03/06/2004;2004;3;6;5;2;155
04/06/2004;2004;4;6;6;2;156
05/06/2004;2004;5;6;7;2;157
06/06/2004;2004;6;6;1;2;158
07/06/2004;2004;7;6;2;2;159
08/06/2004;2004;8;6;3;2;160
09/06/2004;2004;9;6;4;2;161
10/06/2004;2004;10;6;5;2;162
11/06/2004;2004;11;6;6;2;163
12/06/2004;2004;12;6;7;2;164
13/06/2004;2004;13;6;1;2;165
14/06/2004;2004;14;6;2;2;166
15/06/2004;2004;15;6;3;2;167
16/06/2004;2004;16;6;4;2;168
17/06/2004;2004;17;6;5;2;169
18/06/2004;2004;18;6;6;2;170
19/06/2004;2004;19;6;7;2;171
20/06/2004;2004;20;6;1;2;172
21/06/2004;2004;21;6;2;2;173
22/06/2004;2004;22;6;3;2;174
23/06/2004;2004;23;6;4;2;175
24/06/2004;2004;24;6;5;2;176
25/06/2004;2004;25;6;6;2;177
26/06/2004;2004;26;6;7;2;178
27/06/2004;2004;27;6;1;2;179
28/06/2004;2004;28;6;2;2;180
29/06/2004;2004;29;6;3;2;181
30/06/2004;2004;30;6;4;2;182
01/07/2004;2004;1;7;5;3;183
02/07/2004;2004;2;7;6;3;184
03/07/2004;2004;3;7;7;3;185
04/07/2004;2004;4;7;1;3;186
05/07/2004;2004;5;7;2;3;187
06/07/2004;2004;6;7;3;3;188
07/07/2004;2004;7;7;4;3;189
08/07/2004;2004;8;7;5;3;190
09/07/2004;2004;9;7;6;3;191
10/07/2004;2004;10;7;7;3;192
11/07/2004;2004;11;7;1;3;193
12/07/2004;2004;12;7;2;3;194
13/07/2004;2004;13;7;3;3;195
14/07/2004;2004;14;7;4;3;196
15/07/2004;2004;15;7;5;3;197
16/07/2004;2004;16;7;6;3;198
17/07/2004;2004;17;7;7;3;199
18/07/2004;2004;18;7;1;3;200
19/07/2004;2004;19;7;2;3;201
20/07/2004;2004;20;7;3;3;202
21/07/2004;2004;21;7;4;3;203
22/07/2004;2004;22;7;5;3;204
23/07/2004;2004;23;7;6;3;205
24/07/2004;2004;24;7;7;3;206
25/07/2004;2004;25;7;1;3;207
26/07/2004;2004;26;7;2;3;208
27/07/2004;2004;27;7;3;3;209
28/07/2004;2004;28;7;4;3;210
29/07/2004;2004;29;7;5;3;211
30/07/2004;2004;30;7;6;3;212
31/07/2004;2004;31;7;7;3;213
01/08/2004;2004;1;8;1;3;214
02/08/2004;2004;2;8;2;3;215
03/08/2004;2004;3;8;3;3;216
04/08/2004;2004;4;8;4;3;217
05/08/2004;2004;5;8;5;3;218
06/08/2004;2004;6;8;6;3;219
07/08/2004;2004;7;8;7;3;220
08/08/2004;2004;8;8;1;3;221
09/08/2004;2004;9;8;2;3;222
10/08/2004;2004;10;8;3;3;223
11/08/2004;2004;11;8;4;3;224
12/08/2004;2004;12;8;5;3;225
13/08/2004;2004;13;8;6;3;226
14/08/2004;2004;14;8;7;3;227
15/08/2004;2004;15;8;1;3;228
16/08/2004;2004;16;8;2;3;229
17/08/2004;2004;17;8;3;3;230
18/08/2004;2004;18;8;4;3;231
19/08/2004;2004;19;8;5;3;232
20/08/2004;2004;20;8;6;3;233
21/08/2004;2004;21;8;7;3;234
22/08/2004;2004;22;8;1;3;235
23/08/2004;2004;23;8;2;3;236
24/08/2004;2004;24;8;3;3;237
25/08/2004;2004;25;8;4;3;238
26/08/2004;2004;26;8;5;3;239
27/08/2004;2004;27;8;6;3;240
28/08/2004;2004;28;8;7;3;241
29/08/2004;2004;29;8;1;3;242
30/08/2004;2004;30;8;2;3;243
31/08/2004;2004;31;8;3;3;244
01/09/2004;2004;1;9;4;3;245
02/09/2004;2004;2;9;5;3;246
03/09/2004;2004;3;9;6;3;247
04/09/2004;2004;4;9;7;3;248
05/09/2004;2004;5;9;1;3;249
06/09/2004;2004;6;9;2;3;250
07/09/2004;2004;7;9;3;3;251
08/09/2004;2004;8;9;4;3;252
09/09/2004;2004;9;9;5;3;253
10/09/2004;2004;10;9;6;3;254
11/09/2004;2004;11;9;7;3;255
12/09/2004;2004;12;9;1;3;256
13/09/2004;2004;13;9;2;3;257
14/09/2004;2004;14;9;3;3;258
15/09/2004;2004;15;9;4;3;259
16/09/2004;2004;16;9;5;3;260
17/09/2004;2004;17;9;6;3;261
18/09/2004;2004;18;9;7;3;262
19/09/2004;2004;19;9;1;3;263
20/09/2004;2004;20;9;2;3;264
21/09/2004;2004;21;9;3;3;265
22/09/2004;2004;22;9;4;3;266
23/09/2004;2004;23;9;5;3;267
24/09/2004;2004;24;9;6;3;268
25/09/2004;2004;25;9;7;3;269
26/09/2004;2004;26;9;1;3;270
27/09/2004;2004;27;9;2;3;271
28/09/2004;2004;28;9;3;3;272
29/09/2004;2004;29;9;4;3;273
30/09/2004;2004;30;9;5;3;274
01/10/2004;2004;1;10;6;4;275
02/10/2004;2004;2;10;7;4;276
03/10/2004;2004;3;10;1;4;277
04/10/2004;2004;4;10;2;4;278
05/10/2004;2004;5;10;3;4;279
06/10/2004;2004;6;10;4;4;280
07/10/2004;2004;7;10;5;4;281
08/10/2004;2004;8;10;6;4;282
09/10/2004;2004;9;10;7;4;283
10/10/2004;2004;10;10;1;4;284
11/10/2004;2004;11;10;2;4;285
12/10/2004;2004;12;10;3;4;286
13/10/2004;2004;13;10;4;4;287
14/10/2004;2004;14;10;5;4;288
15/10/2004;2004;15;10;6;4;289
16/10/2004;2004;16;10;7;4;290
17/10/2004;2004;17;10;1;4;291
18/10/2004;2004;18;10;2;4;292
19/10/2004;2004;19;10;3;4;293
20/10/2004;2004;20;10;4;4;294
21/10/2004;2004;21;10;5;4;295
22/10/2004;2004;22;10;6;4;296
23/10/2004;2004;23;10;7;4;297
24/10/2004;2004;24;10;1;4;298
25/10/2004;2004;25;10;2;4;299
26/10/2004;2004;26;10;3;4;300
27/10/2004;2004;27;10;4;4;301
28/10/2004;2004;28;10;5;4;302
29/10/2004;2004;29;10;6;4;303
30/10/2004;2004;30;10;7;4;304
31/10/2004;2004;31;10;1;4;305
01/11/2004;2004;1;11;2;4;306
02/11/2004;2004;2;11;3;4;307
03/11/2004;2004;3;11;4;4;308
04/11/2004;2004;4;11;5;4;309
05/11/2004;2004;5;11;6;4;310
06/11/2004;2004;6;11;7;4;311
07/11/2004;2004;7;11;1;4;312
08/11/2004;2004;8;11;2;4;313
09/11/2004;2004;9;11;3;4;314
10/11/2004;2004;10;11;4;4;315
11/11/2004;2004;11;11;5;4;316
12/11/2004;2004;12;11;6;4;317
13/11/2004;2004;13;11;7;4;318
14/11/2004;2004;14;11;1;4;319
15/11/2004;2004;15;11;2;4;320
16/11/2004;2004;16;11;3;4;321
17/11/2004;2004;17;11;4;4;322
18/11/2004;2004;18;11;5;4;323
19/11/2004;2004;19;11;6;4;324
20/11/2004;2004;20;11;7;4;325
21/11/2004;2004;21;11;1;4;326
22/11/2004;2004;22;11;2;4;327
23/11/2004;2004;23;11;3;4;328
24/11/2004;2004;24;11;4;4;329
25/11/2004;2004;25;11;5;4;330
26/11/2004;2004;26;11;6;4;331
27/11/2004;2004;27;11;7;4;332
28/11/2004;2004;28;11;1;4;333
29/11/2004;2004;29;11;2;4;334
30/11/2004;2004;30;11;3;4;335
01/12/2004;2004;1;12;4;4;336
02/12/2004;2004;2;12;5;4;337
03/12/2004;2004;3;12;6;4;338
04/12/2004;2004;4;12;7;4;339
05/12/2004;2004;5;12;1;4;340
06/12/2004;2004;6;12;2;4;341
07/12/2004;2004;7;12;3;4;342
08/12/2004;2004;8;12;4;4;343
09/12/2004;2004;9;12;5;4;344
10/12/2004;2004;10;12;6;4;345
11/12/2004;2004;11;12;7;4;346
12/12/2004;2004;12;12;1;4;347
13/12/2004;2004;13;12;2;4;348
14/12/2004;2004;14;12;3;4;349
15/12/2004;2004;15;12;4;4;350
16/12/2004;2004;16;12;5;4;351
17/12/2004;2004;17;12;6;4;352
18/12/2004;2004;18;12;7;4;353
19/12/2004;2004;19;12;1;4;354
20/12/2004;2004;20;12;2;4;355
21/12/2004;2004;21;12;3;4;356
22/12/2004;2004;22;12;4;4;357
23/12/2004;2004;23;12;5;4;358
24/12/2004;2004;24;12;6;4;359
25/12/2004;2004;25;12;7;4;360
26/12/2004;2004;26;12;1;4;361
27/12/2004;2004;27;12;2;4;362
28/12/2004;2004;28;12;3;4;363
29/12/2004;2004;29;12;4;4;364
30/12/2004;2004;30;12;5;4;365
31/12/2004;2004;31;12;6;4;366
01/01/2005;2005;1;1;7;1;367
02/01/2005;2005;2;1;1;1;368
03/01/2005;2005;3;1;2;1;369
04/01/2005;2005;4;1;3;1;370
05/01/2005;2005;5;1;4;1;371
06/01/2005;2005;6;1;5;1;372
07/01/2005;2005;7;1;6;1;373
08/01/2005;2005;8;1;7;1;374
09/01/2005;2005;9;1;1;1;375
10/01/2005;2005;10;1;2;1;376
11/01/2005;2005;11;1;3;1;377
12/01/2005;2005;12;1;4;1;378
13/01/2005;2005;13;1;5;1;379
14/01/2005;2005;14;1;6;1;380
15/01/2005;2005;15;1;7;1;381
16/01/2005;2005;16;1;1;1;382
17/01/2005;2005;17;1;2;1;383
18/01/2005;2005;18;1;3;1;384
19/01/2005;2005;19;1;4;1;385
20/01/2005;2005;20;1;5;1;386
21/01/2005;2005;21;1;6;1;387
22/01/2005;2005;22;1;7;1;388
23/01/2005;2005;23;1;1;1;389
24/01/2005;2005;24;1;2;1;390
25/01/2005;2005;25;1;3;1;391
26/01/2005;2005;26;1;4;1;392
27/01/2005;2005;27;1;5;1;393
28/01/2005;2005;28;1;6;1;394
29/01/2005;2005;29;1;7;1;395
30/01/2005;2005;30;1;1;1;396
31/01/2005;2005;31;1;2;1;397
01/02/2005;2005;1;2;3;1;398
02/02/2005;2005;2;2;4;1;399
03/02/2005;2005;3;2;5;1;400
04/02/2005;2005;4;2;6;1;401
05/02/2005;2005;5;2;7;1;402
06/02/2005;2005;6;2;1;1;403
07/02/2005;2005;7;2;2;1;404
08/02/2005;2005;8;2;3;1;405
09/02/2005;2005;9;2;4;1;406
10/02/2005;2005;10;2;5;1;407
11/02/2005;2005;11;2;6;1;408
12/02/2005;2005;12;2;7;1;409
13/02/2005;2005;13;2;1;1;410
14/02/2005;2005;14;2;2;1;411
15/02/2005;2005;15;2;3;1;412
16/02/2005;2005;16;2;4;1;413
17/02/2005;2005;17;2;5;1;414
18/02/2005;2005;18;2;6;1;415
19/02/2005;2005;19;2;7;1;416
20/02/2005;2005;20;2;1;1;417
21/02/2005;2005;21;2;2;1;418
22/02/2005;2005;22;2;3;1;419
23/02/2005;2005;23;2;4;1;420
24/02/2005;2005;24;2;5;1;421
25/02/2005;2005;25;2;6;1;422
26/02/2005;2005;26;2;7;1;423
27/02/2005;2005;27;2;1;1;424
28/02/2005;2005;28;2;2;1;425
01/03/2005;2005;1;3;3;1;426
02/03/2005;2005;2;3;4;1;427
03/03/2005;2005;3;3;5;1;428
04/03/2005;2005;4;3;6;1;429
05/03/2005;2005;5;3;7;1;430
06/03/2005;2005;6;3;1;1;431
07/03/2005;2005;7;3;2;1;432
08/03/2005;2005;8;3;3;1;433
09/03/2005;2005;9;3;4;1;434
10/03/2005;2005;10;3;5;1;435
11/03/2005;2005;11;3;6;1;436
12/03/2005;2005;12;3;7;1;437
13/03/2005;2005;13;3;1;1;438
14/03/2005;2005;14;3;2;1;439
15/03/2005;2005;15;3;3;1;440
16/03/2005;2005;16;3;4;1;441
17/03/2005;2005;17;3;5;1;442
18/03/2005;2005;18;3;6;1;443
19/03/2005;2005;19;3;7;1;444
20/03/2005;2005;20;3;1;1;445
21/03/2005;2005;21;3;2;1;446
22/03/2005;2005;22;3;3;1;447
23/03/2005;2005;23;3;4;1;448
24/03/2005;2005;24;3;5;1;449
25/03/2005;2005;25;3;6;1;450
26/03/2005;2005;26;3;7;1;451
27/03/2005;2005;27;3;1;1;452
28/03/2005;2005;28;3;2;1;453
29/03/2005;2005;29;3;3;1;454
30/03/2005;2005;30;3;4;1;455
31/03/2005;2005;31;3;5;1;456
01/04/2005;2005;1;4;6;2;457
02/04/2005;2005;2;4;7;2;458
03/04/2005;2005;3;4;1;2;459
04/04/2005;2005;4;4;2;2;460
05/04/2005;2005;5;4;3;2;461
06/04/2005;2005;6;4;4;2;462
07/04/2005;2005;7;4;5;2;463
08/04/2005;2005;8;4;6;2;464
09/04/2005;2005;9;4;7;2;465
10/04/2005;2005;10;4;1;2;466
11/04/2005;2005;11;4;2;2;467
12/04/2005;2005;12;4;3;2;468
13/04/2005;2005;13;4;4;2;469
14/04/2005;2005;14;4;5;2;470
15/04/2005;2005;15;4;6;2;471
16/04/2005;2005;16;4;7;2;472
17/04/2005;2005;17;4;1;2;473
18/04/2005;2005;18;4;2;2;474
19/04/2005;2005;19;4;3;2;475
20/04/2005;2005;20;4;4;2;476
21/04/2005;2005;21;4;5;2;477
22/04/2005;2005;22;4;6;2;478
23/04/2005;2005;23;4;7;2;479
24/04/2005;2005;24;4;1;2;480
25/04/2005;2005;25;4;2;2;481
26/04/2005;2005;26;4;3;2;482
27/04/2005;2005;27;4;4;2;483
28/04/2005;2005;28;4;5;2;484
29/04/2005;2005;29;4;6;2;485
30/04/2005;2005;30;4;7;2;486
01/05/2005;2005;1;5;1;2;487
02/05/2005;2005;2;5;2;2;488
03/05/2005;2005;3;5;3;2;489
04/05/2005;2005;4;5;4;2;490
05/05/2005;2005;5;5;5;2;491
06/05/2005;2005;6;5;6;2;492
07/05/2005;2005;7;5;7;2;493
08/05/2005;2005;8;5;1;2;494
09/05/2005;2005;9;5;2;2;495
10/05/2005;2005;10;5;3;2;496
11/05/2005;2005;11;5;4;2;497
12/05/2005;2005;12;5;5;2;498
13/05/2005;2005;13;5;6;2;499
14/05/2005;2005;14;5;7;2;500
15/05/2005;2005;15;5;1;2;501
16/05/2005;2005;16;5;2;2;502
17/05/2005;2005;17;5;3;2;503
18/05/2005;2005;18;5;4;2;504
19/05/2005;2005;19;5;5;2;505
20/05/2005;2005;20;5;6;2;506
21/05/2005;2005;21;5;7;2;507
22/05/2005;2005;22;5;1;2;508
23/05/2005;2005;23;5;2;2;509
24/05/2005;2005;24;5;3;2;510
25/05/2005;2005;25;5;4;2;511
26/05/2005;2005;26;5;5;2;512
27/05/2005;2005;27;5;6;2;513
28/05/2005;2005;28;5;7;2;514
29/05/2005;2005;29;5;1;2;515
30/05/2005;2005;30;5;2;2;516
31/05/2005;2005;31;5;3;2;517
01/06/2005;2005;1;6;4;2;518
02/06/2005;2005;2;6;5;2;519
03/06/2005;2005;3;6;6;2;520
04/06/2005;2005;4;6;7;2;521
05/06/2005;2005;5;6;1;2;522
06/06/2005;2005;6;6;2;2;523
07/06/2005;2005;7;6;3;2;524
08/06/2005;2005;8;6;4;2;525
09/06/2005;2005;9;6;5;2;526
10/06/2005;2005;10;6;6;2;527
11/06/2005;2005;11;6;7;2;528
12/06/2005;2005;12;6;1;2;529
13/06/2005;2005;13;6;2;2;530
14/06/2005;2005;14;6;3;2;531
15/06/2005;2005;15;6;4;2;532
16/06/2005;2005;16;6;5;2;533
17/06/2005;2005;17;6;6;2;534
18/06/2005;2005;18;6;7;2;535
19/06/2005;2005;19;6;1;2;536
20/06/2005;2005;20;6;2;2;537
21/06/2005;2005;21;6;3;2;538
22/06/2005;2005;22;6;4;2;539
23/06/2005;2005;23;6;5;2;540
24/06/2005;2005;24;6;6;2;541
25/06/2005;2005;25;6;7;2;542
26/06/2005;2005;26;6;1;2;543
27/06/2005;2005;27;6;2;2;544
28/06/2005;2005;28;6;3;2;545
29/06/2005;2005;29;6;4;2;546
30/06/2005;2005;30;6;5;2;547
01/07/2005;2005;1;7;6;3;548
02/07/2005;2005;2;7;7;3;549
03/07/2005;2005;3;7;1;3;550
04/07/2005;2005;4;7;2;3;551
05/07/2005;2005;5;7;3;3;552
06/07/2005;2005;6;7;4;3;553
07/07/2005;2005;7;7;5;3;554
08/07/2005;2005;8;7;6;3;555
09/07/2005;2005;9;7;7;3;556
10/07/2005;2005;10;7;1;3;557
11/07/2005;2005;11;7;2;3;558
12/07/2005;2005;12;7;3;3;559
13/07/2005;2005;13;7;4;3;560
14/07/2005;2005;14;7;5;3;561
15/07/2005;2005;15;7;6;3;562
16/07/2005;2005;16;7;7;3;563
17/07/2005;2005;17;7;1;3;564
18/07/2005;2005;18;7;2;3;565
19/07/2005;2005;19;7;3;3;566
20/07/2005;2005;20;7;4;3;567
21/07/2005;2005;21;7;5;3;568
22/07/2005;2005;22;7;6;3;569
23/07/2005;2005;23;7;7;3;570
24/07/2005;2005;24;7;1;3;571
25/07/2005;2005;25;7;2;3;572
26/07/2005;2005;26;7;3;3;573
27/07/2005;2005;27;7;4;3;574
28/07/2005;2005;28;7;5;3;575
29/07/2005;2005;29;7;6;3;576
30/07/2005;2005;30;7;7;3;577
31/07/2005;2005;31;7;1;3;578
01/08/2005;2005;1;8;2;3;579
02/08/2005;2005;2;8;3;3;580
03/08/2005;2005;3;8;4;3;581
04/08/2005;2005;4;8;5;3;582
05/08/2005;2005;5;8;6;3;583
06/08/2005;2005;6;8;7;3;584
07/08/2005;2005;7;8;1;3;585
08/08/2005;2005;8;8;2;3;586
09/08/2005;2005;9;8;3;3;587
10/08/2005;2005;10;8;4;3;588
11/08/2005;2005;11;8;5;3;589
12/08/2005;2005;12;8;6;3;590
13/08/2005;2005;13;8;7;3;591
14/08/2005;2005;14;8;1;3;592
15/08/2005;2005;15;8;2;3;593
16/08/2005;2005;16;8;3;3;594
17/08/2005;2005;17;8;4;3;595
18/08/2005;2005;18;8;5;3;596
19/08/2005;2005;19;8;6;3;597
20/08/2005;2005;20;8;7;3;598
21/08/2005;2005;21;8;1;3;599
22/08/2005;2005;22;8;2;3;600
23/08/2005;2005;23;8;3;3;601
24/08/2005;2005;24;8;4;3;602
25/08/2005;2005;25;8;5;3;603
26/08/2005;2005;26;8;6;3;604
27/08/2005;2005;27;8;7;3;605
28/08/2005;2005;28;8;1;3;606
29/08/2005;2005;29;8;2;3;607
30/08/2005;2005;30;8;3;3;608
31/08/2005;2005;31;8;4;3;609
01/09/2005;2005;1;9;5;3;610
02/09/2005;2005;2;9;6;3;611
03/09/2005;2005;3;9;7;3;612
04/09/2005;2005;4;9;1;3;613
05/09/2005;2005;5;9;2;3;614
06/09/2005;2005;6;9;3;3;615
07/09/2005;2005;7;9;4;3;616
08/09/2005;2005;8;9;5;3;617
09/09/2005;2005;9;9;6;3;618
10/09/2005;2005;10;9;7;3;619
11/09/2005;2005;11;9;1;3;620
12/09/2005;2005;12;9;2;3;621
13/09/2005;2005;13;9;3;3;622
14/09/2005;2005;14;9;4;3;623
15/09/2005;2005;15;9;5;3;624
16/09/2005;2005;16;9;6;3;625
17/09/2005;2005;17;9;7;3;626
18/09/2005;2005;18;9;1;3;627
19/09/2005;2005;19;9;2;3;628
20/09/2005;2005;20;9;3;3;629
21/09/2005;2005;21;9;4;3;630
22/09/2005;2005;22;9;5;3;631
23/09/2005;2005;23;9;6;3;632
24/09/2005;2005;24;9;7;3;633
25/09/2005;2005;25;9;1;3;634
26/09/2005;2005;26;9;2;3;635
27/09/2005;2005;27;9;3;3;636
28/09/2005;2005;28;9;4;3;637
29/09/2005;2005;29;9;5;3;638
30/09/2005;2005;30;9;6;3;639
01/10/2005;2005;1;10;7;4;640
02/10/2005;2005;2;10;1;4;641
03/10/2005;2005;3;10;2;4;642
04/10/2005;2005;4;10;3;4;643
05/10/2005;2005;5;10;4;4;644
06/10/2005;2005;6;10;5;4;645
07/10/2005;2005;7;10;6;4;646
08/10/2005;2005;8;10;7;4;647
09/10/2005;2005;9;10;1;4;648
10/10/2005;2005;10;10;2;4;649
11/10/2005;2005;11;10;3;4;650
12/10/2005;2005;12;10;4;4;651
13/10/2005;2005;13;10;5;4;652
14/10/2005;2005;14;10;6;4;653
15/10/2005;2005;15;10;7;4;654
16/10/2005;2005;16;10;1;4;655
17/10/2005;2005;17;10;2;4;656
18/10/2005;2005;18;10;3;4;657
19/10/2005;2005;19;10;4;4;658
20/10/2005;2005;20;10;5;4;659
21/10/2005;2005;21;10;6;4;660
22/10/2005;2005;22;10;7;4;661
23/10/2005;2005;23;10;1;4;662
24/10/2005;2005;24;10;2;4;663
25/10/2005;2005;25;10;3;4;664
26/10/2005;2005;26;10;4;4;665
27/10/2005;2005;27;10;5;4;666
28/10/2005;2005;28;10;6;4;667
29/10/2005;2005;29;10;7;4;668
30/10/2005;2005;30;10;1;4;669
31/10/2005;2005;31;10;2;4;670
01/11/2005;2005;1;11;3;4;671
02/11/2005;2005;2;11;4;4;672
03/11/2005;2005;3;11;5;4;673
04/11/2005;2005;4;11;6;4;674
05/11/2005;2005;5;11;7;4;675
06/11/2005;2005;6;11;1;4;676
07/11/2005;2005;7;11;2;4;677
08/11/2005;2005;8;11;3;4;678
09/11/2005;2005;9;11;4;4;679
10/11/2005;2005;10;11;5;4;680
11/11/2005;2005;11;11;6;4;681
12/11/2005;2005;12;11;7;4;682
13/11/2005;2005;13;11;1;4;683
14/11/2005;2005;14;11;2;4;684
15/11/2005;2005;15;11;3;4;685
16/11/2005;2005;16;11;4;4;686
17/11/2005;2005;17;11;5;4;687
18/11/2005;2005;18;11;6;4;688
19/11/2005;2005;19;11;7;4;689
20/11/2005;2005;20;11;1;4;690
21/11/2005;2005;21;11;2;4;691
22/11/2005;2005;22;11;3;4;692
23/11/2005;2005;23;11;4;4;693
24/11/2005;2005;24;11;5;4;694
25/11/2005;2005;25;11;6;4;695
26/11/2005;2005;26;11;7;4;696
27/11/2005;2005;27;11;1;4;697
28/11/2005;2005;28;11;2;4;698
29/11/2005;2005;29;11;3;4;699
30/11/2005;2005;30;11;4;4;700
01/12/2005;2005;1;12;5;4;701
02/12/2005;2005;2;12;6;4;702
03/12/2005;2005;3;12;7;4;703
04/12/2005;2005;4;12;1;4;704
05/12/2005;2005;5;12;2;4;705
06/12/2005;2005;6;12;3;4;706
07/12/2005;2005;7;12;4;4;707
08/12/2005;2005;8;12;5;4;708
09/12/2005;2005;9;12;6;4;709
10/12/2005;2005;10;12;7;4;710
11/12/2005;2005;11;12;1;4;711
12/12/2005;2005;12;12;2;4;712
13/12/2005;2005;13;12;3;4;713
14/12/2005;2005;14;12;4;4;714
15/12/2005;2005;15;12;5;4;715
16/12/2005;2005;16;12;6;4;716
17/12/2005;2005;17;12;7;4;717
18/12/2005;2005;18;12;1;4;718
19/12/2005;2005;19;12;2;4;719
20/12/2005;2005;20;12;3;4;720
21/12/2005;2005;21;12;4;4;721
22/12/2005;2005;22;12;5;4;722
23/12/2005;2005;23;12;6;4;723
24/12/2005;2005;24;12;7;4;724
25/12/2005;2005;25;12;1;4;725
26/12/2005;2005;26;12;2;4;726
27/12/2005;2005;27;12;3;4;727
28/12/2005;2005;28;12;4;4;728
29/12/2005;2005;29;12;5;4;729
30/12/2005;2005;30;12;6;4;730
31/12/2005;2005;31;12;7;4;731
01/01/2006;2006;1;1;1;1;732
02/01/2006;2006;2;1;2;1;733
03/01/2006;2006;3;1;3;1;734
04/01/2006;2006;4;1;4;1;735
05/01/2006;2006;5;1;5;1;736
06/01/2006;2006;6;1;6;1;737
07/01/2006;2006;7;1;7;1;738
08/01/2006;2006;8;1;1;1;739
09/01/2006;2006;9;1;2;1;740
10/01/2006;2006;10;1;3;1;741
11/01/2006;2006;11;1;4;1;742
12/01/2006;2006;12;1;5;1;743
13/01/2006;2006;13;1;6;1;744
14/01/2006;2006;14;1;7;1;745
15/01/2006;2006;15;1;1;1;746
16/01/2006;2006;16;1;2;1;747
17/01/2006;2006;17;1;3;1;748
18/01/2006;2006;18;1;4;1;749
19/01/2006;2006;19;1;5;1;750
20/01/2006;2006;20;1;6;1;751
21/01/2006;2006;21;1;7;1;752
22/01/2006;2006;22;1;1;1;753
23/01/2006;2006;23;1;2;1;754
24/01/2006;2006;24;1;3;1;755
25/01/2006;2006;25;1;4;1;756
26/01/2006;2006;26;1;5;1;757
27/01/2006;2006;27;1;6;1;758
28/01/2006;2006;28;1;7;1;759
29/01/2006;2006;29;1;1;1;760
30/01/2006;2006;30;1;2;1;761
31/01/2006;2006;31;1;3;1;762
01/02/2006;2006;1;2;4;1;763
02/02/2006;2006;2;2;5;1;764
03/02/2006;2006;3;2;6;1;765
04/02/2006;2006;4;2;7;1;766
05/02/2006;2006;5;2;1;1;767
06/02/2006;2006;6;2;2;1;768
07/02/2006;2006;7;2;3;1;769
08/02/2006;2006;8;2;4;1;770
09/02/2006;2006;9;2;5;1;771
10/02/2006;2006;10;2;6;1;772
11/02/2006;2006;11;2;7;1;773
12/02/2006;2006;12;2;1;1;774
13/02/2006;2006;13;2;2;1;775
14/02/2006;2006;14;2;3;1;776
15/02/2006;2006;15;2;4;1;777
16/02/2006;2006;16;2;5;1;778
17/02/2006;2006;17;2;6;1;779
18/02/2006;2006;18;2;7;1;780
19/02/2006;2006;19;2;1;1;781
20/02/2006;2006;20;2;2;1;782
21/02/2006;2006;21;2;3;1;783
22/02/2006;2006;22;2;4;1;784
23/02/2006;2006;23;2;5;1;785
24/02/2006;2006;24;2;6;1;786
25/02/2006;2006;25;2;7;1;787
26/02/2006;2006;26;2;1;1;788
27/02/2006;2006;27;2;2;1;789
28/02/2006;2006;28;2;3;1;790
01/03/2006;2006;1;3;4;1;791
02/03/2006;2006;2;3;5;1;792
03/03/2006;2006;3;3;6;1;793
04/03/2006;2006;4;3;7;1;794
05/03/2006;2006;5;3;1;1;795
06/03/2006;2006;6;3;2;1;796
07/03/2006;2006;7;3;3;1;797
08/03/2006;2006;8;3;4;1;798
09/03/2006;2006;9;3;5;1;799
10/03/2006;2006;10;3;6;1;800
11/03/2006;2006;11;3;7;1;801
12/03/2006;2006;12;3;1;1;802
13/03/2006;2006;13;3;2;1;803
14/03/2006;2006;14;3;3;1;804
15/03/2006;2006;15;3;4;1;805
16/03/2006;2006;16;3;5;1;806
17/03/2006;2006;17;3;6;1;807
18/03/2006;2006;18;3;7;1;808
19/03/2006;2006;19;3;1;1;809
20/03/2006;2006;20;3;2;1;810
21/03/2006;2006;21;3;3;1;811
22/03/2006;2006;22;3;4;1;812
23/03/2006;2006;23;3;5;1;813
24/03/2006;2006;24;3;6;1;814
25/03/2006;2006;25;3;7;1;815
26/03/2006;2006;26;3;1;1;816
27/03/2006;2006;27;3;2;1;817
28/03/2006;2006;28;3;3;1;818
29/03/2006;2006;29;3;4;1;819
30/03/2006;2006;30;3;5;1;820
31/03/2006;2006;31;3;6;1;821
01/04/2006;2006;1;4;7;2;822
02/04/2006;2006;2;4;1;2;823
03/04/2006;2006;3;4;2;2;824
04/04/2006;2006;4;4;3;2;825
05/04/2006;2006;5;4;4;2;826
06/04/2006;2006;6;4;5;2;827
07/04/2006;2006;7;4;6;2;828
08/04/2006;2006;8;4;7;2;829
09/04/2006;2006;9;4;1;2;830
10/04/2006;2006;10;4;2;2;831
11/04/2006;2006;11;4;3;2;832
12/04/2006;2006;12;4;4;2;833
13/04/2006;2006;13;4;5;2;834
14/04/2006;2006;14;4;6;2;835
15/04/2006;2006;15;4;7;2;836
16/04/2006;2006;16;4;1;2;837
17/04/2006;2006;17;4;2;2;838
18/04/2006;2006;18;4;3;2;839
19/04/2006;2006;19;4;4;2;840
20/04/2006;2006;20;4;5;2;841
21/04/2006;2006;21;4;6;2;842
22/04/2006;2006;22;4;7;2;843
23/04/2006;2006;23;4;1;2;844
24/04/2006;2006;24;4;2;2;845
25/04/2006;2006;25;4;3;2;846
26/04/2006;2006;26;4;4;2;847
27/04/2006;2006;27;4;5;2;848
28/04/2006;2006;28;4;6;2;849
29/04/2006;2006;29;4;7;2;850
30/04/2006;2006;30;4;1;2;851
01/05/2006;2006;1;5;2;2;852
02/05/2006;2006;2;5;3;2;853
03/05/2006;2006;3;5;4;2;854
04/05/2006;2006;4;5;5;2;855
05/05/2006;2006;5;5;6;2;856
06/05/2006;2006;6;5;7;2;857
07/05/2006;2006;7;5;1;2;858
08/05/2006;2006;8;5;2;2;859
09/05/2006;2006;9;5;3;2;860
10/05/2006;2006;10;5;4;2;861
11/05/2006;2006;11;5;5;2;862
12/05/2006;2006;12;5;6;2;863
13/05/2006;2006;13;5;7;2;864
14/05/2006;2006;14;5;1;2;865
15/05/2006;2006;15;5;2;2;866
16/05/2006;2006;16;5;3;2;867
17/05/2006;2006;17;5;4;2;868
18/05/2006;2006;18;5;5;2;869
19/05/2006;2006;19;5;6;2;870
20/05/2006;2006;20;5;7;2;871
21/05/2006;2006;21;5;1;2;872
22/05/2006;2006;22;5;2;2;873
23/05/2006;2006;23;5;3;2;874
24/05/2006;2006;24;5;4;2;875
25/05/2006;2006;25;5;5;2;876
26/05/2006;2006;26;5;6;2;877
27/05/2006;2006;27;5;7;2;878
28/05/2006;2006;28;5;1;2;879
29/05/2006;2006;29;5;2;2;880
30/05/2006;2006;30;5;3;2;881
31/05/2006;2006;31;5;4;2;882
01/06/2006;2006;1;6;5;2;883
02/06/2006;2006;2;6;6;2;884
03/06/2006;2006;3;6;7;2;885
04/06/2006;2006;4;6;1;2;886
05/06/2006;2006;5;6;2;2;887
06/06/2006;2006;6;6;3;2;888
07/06/2006;2006;7;6;4;2;889
08/06/2006;2006;8;6;5;2;890
09/06/2006;2006;9;6;6;2;891
10/06/2006;2006;10;6;7;2;892
11/06/2006;2006;11;6;1;2;893
12/06/2006;2006;12;6;2;2;894
13/06/2006;2006;13;6;3;2;895
14/06/2006;2006;14;6;4;2;896
15/06/2006;2006;15;6;5;2;897
16/06/2006;2006;16;6;6;2;898
17/06/2006;2006;17;6;7;2;899
18/06/2006;2006;18;6;1;2;900
19/06/2006;2006;19;6;2;2;901
20/06/2006;2006;20;6;3;2;902
21/06/2006;2006;21;6;4;2;903
22/06/2006;2006;22;6;5;2;904
23/06/2006;2006;23;6;6;2;905
24/06/2006;2006;24;6;7;2;906
25/06/2006;2006;25;6;1;2;907
26/06/2006;2006;26;6;2;2;908
27/06/2006;2006;27;6;3;2;909
28/06/2006;2006;28;6;4;2;910
29/06/2006;2006;29;6;5;2;911
30/06/2006;2006;30;6;6;2;912
01/07/2006;2006;1;7;7;3;913
02/07/2006;2006;2;7;1;3;914
03/07/2006;2006;3;7;2;3;915
04/07/2006;2006;4;7;3;3;916
05/07/2006;2006;5;7;4;3;917
06/07/2006;2006;6;7;5;3;918
07/07/2006;2006;7;7;6;3;919
08/07/2006;2006;8;7;7;3;920
09/07/2006;2006;9;7;1;3;921
10/07/2006;2006;10;7;2;3;922
11/07/2006;2006;11;7;3;3;923
12/07/2006;2006;12;7;4;3;924
13/07/2006;2006;13;7;5;3;925
14/07/2006;2006;14;7;6;3;926
15/07/2006;2006;15;7;7;3;927
16/07/2006;2006;16;7;1;3;928
17/07/2006;2006;17;7;2;3;929
18/07/2006;2006;18;7;3;3;930
19/07/2006;2006;19;7;4;3;931
20/07/2006;2006;20;7;5;3;932
21/07/2006;2006;21;7;6;3;933
22/07/2006;2006;22;7;7;3;934
23/07/2006;2006;23;7;1;3;935
24/07/2006;2006;24;7;2;3;936
25/07/2006;2006;25;7;3;3;937
26/07/2006;2006;26;7;4;3;938
27/07/2006;2006;27;7;5;3;939
28/07/2006;2006;28;7;6;3;940
29/07/2006;2006;29;7;7;3;941
30/07/2006;2006;30;7;1;3;942
31/07/2006;2006;31;7;2;3;943
01/08/2006;2006;1;8;3;3;944
02/08/2006;2006;2;8;4;3;945
03/08/2006;2006;3;8;5;3;946
04/08/2006;2006;4;8;6;3;947
05/08/2006;2006;5;8;7;3;948
06/08/2006;2006;6;8;1;3;949
07/08/2006;2006;7;8;2;3;950
08/08/2006;2006;8;8;3;3;951
09/08/2006;2006;9;8;4;3;952
10/08/2006;2006;10;8;5;3;953
11/08/2006;2006;11;8;6;3;954
12/08/2006;2006;12;8;7;3;955
13/08/2006;2006;13;8;1;3;956
14/08/2006;2006;14;8;2;3;957
15/08/2006;2006;15;8;3;3;958
16/08/2006;2006;16;8;4;3;959
17/08/2006;2006;17;8;5;3;960
18/08/2006;2006;18;8;6;3;961
19/08/2006;2006;19;8;7;3;962
20/08/2006;2006;20;8;1;3;963
21/08/2006;2006;21;8;2;3;964
22/08/2006;2006;22;8;3;3;965
23/08/2006;2006;23;8;4;3;966
24/08/2006;2006;24;8;5;3;967
25/08/2006;2006;25;8;6;3;968
26/08/2006;2006;26;8;7;3;969
27/08/2006;2006;27;8;1;3;970
28/08/2006;2006;28;8;2;3;971
29/08/2006;2006;29;8;3;3;972
30/08/2006;2006;30;8;4;3;973
31/08/2006;2006;31;8;5;3;974
01/09/2006;2006;1;9;6;3;975
02/09/2006;2006;2;9;7;3;976
03/09/2006;2006;3;9;1;3;977
04/09/2006;2006;4;9;2;3;978
05/09/2006;2006;5;9;3;3;979
06/09/2006;2006;6;9;4;3;980
07/09/2006;2006;7;9;5;3;981
08/09/2006;2006;8;9;6;3;982
09/09/2006;2006;9;9;7;3;983
10/09/2006;2006;10;9;1;3;984
11/09/2006;2006;11;9;2;3;985
12/09/2006;2006;12;9;3;3;986
13/09/2006;2006;13;9;4;3;987
14/09/2006;2006;14;9;5;3;988
15/09/2006;2006;15;9;6;3;989
16/09/2006;2006;16;9;7;3;990
17/09/2006;2006;17;9;1;3;991
18/09/2006;2006;18;9;2;3;992
19/09/2006;2006;19;9;3;3;993
20/09/2006;2006;20;9;4;3;994
21/09/2006;2006;21;9;5;3;995
22/09/2006;2006;22;9;6;3;996
23/09/2006;2006;23;9;7;3;997
24/09/2006;2006;24;9;1;3;998
25/09/2006;2006;25;9;2;3;999
26/09/2006;2006;26;9;3;3;1000
27/09/2006;2006;27;9;4;3;1001
28/09/2006;2006;28;9;5;3;1002
29/09/2006;2006;29;9;6;3;1003
30/09/2006;2006;30;9;7;3;1004
01/10/2006;2006;1;10;1;4;1005
02/10/2006;2006;2;10;2;4;1006
03/10/2006;2006;3;10;3;4;1007
04/10/2006;2006;4;10;4;4;1008
05/10/2006;2006;5;10;5;4;1009
06/10/2006;2006;6;10;6;4;1010
07/10/2006;2006;7;10;7;4;1011
08/10/2006;2006;8;10;1;4;1012
09/10/2006;2006;9;10;2;4;1013
10/10/2006;2006;10;10;3;4;1014
11/10/2006;2006;11;10;4;4;1015
12/10/2006;2006;12;10;5;4;1016
13/10/2006;2006;13;10;6;4;1017
14/10/2006;2006;14;10;7;4;1018
15/10/2006;2006;15;10;1;4;1019
16/10/2006;2006;16;10;2;4;1020
17/10/2006;2006;17;10;3;4;1021
18/10/2006;2006;18;10;4;4;1022
19/10/2006;2006;19;10;5;4;1023
20/10/2006;2006;20;10;6;4;1024
21/10/2006;2006;21;10;7;4;1025
22/10/2006;2006;22;10;1;4;1026
23/10/2006;2006;23;10;2;4;1027
24/10/2006;2006;24;10;3;4;1028
25/10/2006;2006;25;10;4;4;1029
26/10/2006;2006;26;10;5;4;1030
27/10/2006;2006;27;10;6;4;1031
28/10/2006;2006;28;10;7;4;1032
29/10/2006;2006;29;10;1;4;1033
30/10/2006;2006;30;10;2;4;1034
31/10/2006;2006;31;10;3;4;1035
01/11/2006;2006;1;11;4;4;1036
02/11/2006;2006;2;11;5;4;1037
03/11/2006;2006;3;11;6;4;1038
04/11/2006;2006;4;11;7;4;1039
05/11/2006;2006;5;11;1;4;1040
06/11/2006;2006;6;11;2;4;1041
07/11/2006;2006;7;11;3;4;1042
08/11/2006;2006;8;11;4;4;1043
09/11/2006;2006;9;11;5;4;1044
10/11/2006;2006;10;11;6;4;1045
11/11/2006;2006;11;11;7;4;1046
12/11/2006;2006;12;11;1;4;1047
13/11/2006;2006;13;11;2;4;1048
14/11/2006;2006;14;11;3;4;1049
15/11/2006;2006;15;11;4;4;1050
16/11/2006;2006;16;11;5;4;1051
17/11/2006;2006;17;11;6;4;1052
18/11/2006;2006;18;11;7;4;1053
19/11/2006;2006;19;11;1;4;1054
20/11/2006;2006;20;11;2;4;1055
21/11/2006;2006;21;11;3;4;1056
22/11/2006;2006;22;11;4;4;1057
23/11/2006;2006;23;11;5;4;1058
24/11/2006;2006;24;11;6;4;1059
25/11/2006;2006;25;11;7;4;1060
26/11/2006;2006;26;11;1;4;1061
27/11/2006;2006;27;11;2;4;1062
28/11/2006;2006;28;11;3;4;1063
29/11/2006;2006;29;11;4;4;1064
30/11/2006;2006;30;11;5;4;1065
01/12/2006;2006;1;12;6;4;1066
02/12/2006;2006;2;12;7;4;1067
03/12/2006;2006;3;12;1;4;1068
04/12/2006;2006;4;12;2;4;1069
05/12/2006;2006;5;12;3;4;1070
06/12/2006;2006;6;12;4;4;1071
07/12/2006;2006;7;12;5;4;1072
08/12/2006;2006;8;12;6;4;1073
09/12/2006;2006;9;12;7;4;1074
10/12/2006;2006;10;12;1;4;1075
11/12/2006;2006;11;12;2;4;1076
12/12/2006;2006;12;12;3;4;1077
13/12/2006;2006;13;12;4;4;1078
14/12/2006;2006;14;12;5;4;1079
15/12/2006;2006;15;12;6;4;1080
16/12/2006;2006;16;12;7;4;1081
17/12/2006;2006;17;12;1;4;1082
18/12/2006;2006;18;12;2;4;1083
19/12/2006;2006;19;12;3;4;1084
20/12/2006;2006;20;12;4;4;1085
21/12/2006;2006;21;12;5;4;1086
22/12/2006;2006;22;12;6;4;1087
23/12/2006;2006;23;12;7;4;1088
24/12/2006;2006;24;12;1;4;1089
25/12/2006;2006;25;12;2;4;1090
26/12/2006;2006;26;12;3;4;1091
27/12/2006;2006;27;12;4;4;1092
28/12/2006;2006;28;12;5;4;1093
29/12/2006;2006;29;12;6;4;1094
30/12/2006;2006;30;12;7;4;1095
31/12/2006;2006;31;12;1;4;1096
01/01/2007;2007;1;1;2;1;1097
02/01/2007;2007;2;1;3;1;1098
03/01/2007;2007;3;1;4;1;1099
04/01/2007;2007;4;1;5;1;1100
05/01/2007;2007;5;1;6;1;1101
06/01/2007;2007;6;1;7;1;1102
07/01/2007;2007;7;1;1;1;1103
08/01/2007;2007;8;1;2;1;1104
09/01/2007;2007;9;1;3;1;1105
10/01/2007;2007;10;1;4;1;1106
11/01/2007;2007;11;1;5;1;1107
12/01/2007;2007;12;1;6;1;1108
13/01/2007;2007;13;1;7;1;1109
14/01/2007;2007;14;1;1;1;1110
15/01/2007;2007;15;1;2;1;1111
16/01/2007;2007;16;1;3;1;1112
17/01/2007;2007;17;1;4;1;1113
18/01/2007;2007;18;1;5;1;1114
19/01/2007;2007;19;1;6;1;1115
20/01/2007;2007;20;1;7;1;1116
21/01/2007;2007;21;1;1;1;1117
22/01/2007;2007;22;1;2;1;1118
23/01/2007;2007;23;1;3;1;1119
24/01/2007;2007;24;1;4;1;1120
25/01/2007;2007;25;1;5;1;1121
26/01/2007;2007;26;1;6;1;1122
27/01/2007;2007;27;1;7;1;1123
28/01/2007;2007;28;1;1;1;1124
29/01/2007;2007;29;1;2;1;1125
30/01/2007;2007;30;1;3;1;1126
31/01/2007;2007;31;1;4;1;1127
01/02/2007;2007;1;2;5;1;1128
02/02/2007;2007;2;2;6;1;1129
03/02/2007;2007;3;2;7;1;1130
04/02/2007;2007;4;2;1;1;1131
05/02/2007;2007;5;2;2;1;1132
06/02/2007;2007;6;2;3;1;1133
07/02/2007;2007;7;2;4;1;1134
08/02/2007;2007;8;2;5;1;1135
09/02/2007;2007;9;2;6;1;1136
10/02/2007;2007;10;2;7;1;1137
11/02/2007;2007;11;2;1;1;1138
12/02/2007;2007;12;2;2;1;1139
13/02/2007;2007;13;2;3;1;1140
14/02/2007;2007;14;2;4;1;1141
15/02/2007;2007;15;2;5;1;1142
16/02/2007;2007;16;2;6;1;1143
17/02/2007;2007;17;2;7;1;1144
18/02/2007;2007;18;2;1;1;1145
19/02/2007;2007;19;2;2;1;1146
20/02/2007;2007;20;2;3;1;1147
21/02/2007;2007;21;2;4;1;1148
22/02/2007;2007;22;2;5;1;1149
23/02/2007;2007;23;2;6;1;1150
24/02/2007;2007;24;2;7;1;1151
25/02/2007;2007;25;2;1;1;1152
26/02/2007;2007;26;2;2;1;1153
27/02/2007;2007;27;2;3;1;1154
28/02/2007;2007;28;2;4;1;1155
01/03/2007;2007;1;3;5;1;1156
02/03/2007;2007;2;3;6;1;1157
03/03/2007;2007;3;3;7;1;1158
04/03/2007;2007;4;3;1;1;1159
05/03/2007;2007;5;3;2;1;1160
06/03/2007;2007;6;3;3;1;1161
07/03/2007;2007;7;3;4;1;1162
08/03/2007;2007;8;3;5;1;1163
09/03/2007;2007;9;3;6;1;1164
10/03/2007;2007;10;3;7;1;1165
11/03/2007;2007;11;3;1;1;1166
12/03/2007;2007;12;3;2;1;1167
13/03/2007;2007;13;3;3;1;1168
14/03/2007;2007;14;3;4;1;1169
15/03/2007;2007;15;3;5;1;1170
16/03/2007;2007;16;3;6;1;1171
17/03/2007;2007;17;3;7;1;1172
18/03/2007;2007;18;3;1;1;1173
19/03/2007;2007;19;3;2;1;1174
20/03/2007;2007;20;3;3;1;1175
21/03/2007;2007;21;3;4;1;1176
22/03/2007;2007;22;3;5;1;1177
23/03/2007;2007;23;3;6;1;1178
24/03/2007;2007;24;3;7;1;1179
25/03/2007;2007;25;3;1;1;1180
26/03/2007;2007;26;3;2;1;1181
27/03/2007;2007;27;3;3;1;1182
28/03/2007;2007;28;3;4;1;1183
29/03/2007;2007;29;3;5;1;1184
30/03/2007;2007;30;3;6;1;1185
31/03/2007;2007;31;3;7;1;1186
01/04/2007;2007;1;4;1;2;1187
02/04/2007;2007;2;4;2;2;1188
03/04/2007;2007;3;4;3;2;1189
04/04/2007;2007;4;4;4;2;1190
05/04/2007;2007;5;4;5;2;1191
06/04/2007;2007;6;4;6;2;1192
07/04/2007;2007;7;4;7;2;1193
08/04/2007;2007;8;4;1;2;1194
09/04/2007;2007;9;4;2;2;1195
10/04/2007;2007;10;4;3;2;1196
11/04/2007;2007;11;4;4;2;1197
12/04/2007;2007;12;4;5;2;1198
13/04/2007;2007;13;4;6;2;1199
14/04/2007;2007;14;4;7;2;1200
15/04/2007;2007;15;4;1;2;1201
16/04/2007;2007;16;4;2;2;1202
17/04/2007;2007;17;4;3;2;1203
18/04/2007;2007;18;4;4;2;1204
19/04/2007;2007;19;4;5;2;1205
20/04/2007;2007;20;4;6;2;1206
21/04/2007;2007;21;4;7;2;1207
22/04/2007;2007;22;4;1;2;1208
23/04/2007;2007;23;4;2;2;1209
24/04/2007;2007;24;4;3;2;1210
25/04/2007;2007;25;4;4;2;1211
26/04/2007;2007;26;4;5;2;1212
27/04/2007;2007;27;4;6;2;1213
28/04/2007;2007;28;4;7;2;1214
29/04/2007;2007;29;4;1;2;1215
30/04/2007;2007;30;4;2;2;1216
01/05/2007;2007;1;5;3;2;1217
02/05/2007;2007;2;5;4;2;1218
03/05/2007;2007;3;5;5;2;1219
04/05/2007;2007;4;5;6;2;1220
05/05/2007;2007;5;5;7;2;1221
06/05/2007;2007;6;5;1;2;1222
07/05/2007;2007;7;5;2;2;1223
08/05/2007;2007;8;5;3;2;1224
09/05/2007;2007;9;5;4;2;1225
10/05/2007;2007;10;5;5;2;1226
11/05/2007;2007;11;5;6;2;1227
12/05/2007;2007;12;5;7;2;1228
13/05/2007;2007;13;5;1;2;1229
14/05/2007;2007;14;5;2;2;1230
15/05/2007;2007;15;5;3;2;1231
16/05/2007;2007;16;5;4;2;1232
17/05/2007;2007;17;5;5;2;1233
18/05/2007;2007;18;5;6;2;1234
19/05/2007;2007;19;5;7;2;1235
20/05/2007;2007;20;5;1;2;1236
21/05/2007;2007;21;5;2;2;1237
22/05/2007;2007;22;5;3;2;1238
23/05/2007;2007;23;5;4;2;1239
24/05/2007;2007;24;5;5;2;1240
25/05/2007;2007;25;5;6;2;1241
26/05/2007;2007;26;5;7;2;1242
27/05/2007;2007;27;5;1;2;1243
28/05/2007;2007;28;5;2;2;1244
29/05/2007;2007;29;5;3;2;1245
30/05/2007;2007;30;5;4;2;1246
31/05/2007;2007;31;5;5;2;1247
01/06/2007;2007;1;6;6;2;1248
02/06/2007;2007;2;6;7;2;1249
03/06/2007;2007;3;6;1;2;1250
04/06/2007;2007;4;6;2;2;1251
05/06/2007;2007;5;6;3;2;1252
06/06/2007;2007;6;6;4;2;1253
07/06/2007;2007;7;6;5;2;1254
08/06/2007;2007;8;6;6;2;1255
09/06/2007;2007;9;6;7;2;1256
10/06/2007;2007;10;6;1;2;1257
11/06/2007;2007;11;6;2;2;1258
12/06/2007;2007;12;6;3;2;1259
13/06/2007;2007;13;6;4;2;1260
14/06/2007;2007;14;6;5;2;1261
15/06/2007;2007;15;6;6;2;1262
16/06/2007;2007;16;6;7;2;1263
17/06/2007;2007;17;6;1;2;1264
18/06/2007;2007;18;6;2;2;1265
19/06/2007;2007;19;6;3;2;1266
20/06/2007;2007;20;6;4;2;1267
21/06/2007;2007;21;6;5;2;1268
22/06/2007;2007;22;6;6;2;1269
23/06/2007;2007;23;6;7;2;1270
24/06/2007;2007;24;6;1;2;1271
25/06/2007;2007;25;6;2;2;1272
26/06/2007;2007;26;6;3;2;1273
27/06/2007;2007;27;6;4;2;1274
28/06/2007;2007;28;6;5;2;1275
29/06/2007;2007;29;6;6;2;1276
30/06/2007;2007;30;6;7;2;1277
01/07/2007;2007;1;7;1;3;1278
02/07/2007;2007;2;7;2;3;1279
03/07/2007;2007;3;7;3;3;1280
04/07/2007;2007;4;7;4;3;1281
05/07/2007;2007;5;7;5;3;1282
06/07/2007;2007;6;7;6;3;1283
07/07/2007;2007;7;7;7;3;1284
08/07/2007;2007;8;7;1;3;1285
09/07/2007;2007;9;7;2;3;1286
10/07/2007;2007;10;7;3;3;1287
11/07/2007;2007;11;7;4;3;1288
12/07/2007;2007;12;7;5;3;1289
13/07/2007;2007;13;7;6;3;1290
14/07/2007;2007;14;7;7;3;1291
15/07/2007;2007;15;7;1;3;1292
16/07/2007;2007;16;7;2;3;1293
17/07/2007;2007;17;7;3;3;1294
18/07/2007;2007;18;7;4;3;1295
19/07/2007;2007;19;7;5;3;1296
20/07/2007;2007;20;7;6;3;1297
21/07/2007;2007;21;7;7;3;1298
22/07/2007;2007;22;7;1;3;1299
23/07/2007;2007;23;7;2;3;1300
24/07/2007;2007;24;7;3;3;1301
25/07/2007;2007;25;7;4;3;1302
26/07/2007;2007;26;7;5;3;1303
27/07/2007;2007;27;7;6;3;1304
28/07/2007;2007;28;7;7;3;1305
29/07/2007;2007;29;7;1;3;1306
30/07/2007;2007;30;7;2;3;1307
31/07/2007;2007;31;7;3;3;1308
01/08/2007;2007;1;8;4;3;1309
02/08/2007;2007;2;8;5;3;1310
03/08/2007;2007;3;8;6;3;1311
04/08/2007;2007;4;8;7;3;1312
05/08/2007;2007;5;8;1;3;1313
06/08/2007;2007;6;8;2;3;1314
07/08/2007;2007;7;8;3;3;1315
08/08/2007;2007;8;8;4;3;1316
09/08/2007;2007;9;8;5;3;1317
10/08/2007;2007;10;8;6;3;1318
11/08/2007;2007;11;8;7;3;1319
12/08/2007;2007;12;8;1;3;1320
13/08/2007;2007;13;8;2;3;1321
14/08/2007;2007;14;8;3;3;1322
15/08/2007;2007;15;8;4;3;1323
16/08/2007;2007;16;8;5;3;1324
17/08/2007;2007;17;8;6;3;1325
18/08/2007;2007;18;8;7;3;1326
19/08/2007;2007;19;8;1;3;1327
20/08/2007;2007;20;8;2;3;1328
21/08/2007;2007;21;8;3;3;1329
22/08/2007;2007;22;8;4;3;1330
23/08/2007;2007;23;8;5;3;1331
24/08/2007;2007;24;8;6;3;1332
25/08/2007;2007;25;8;7;3;1333
26/08/2007;2007;26;8;1;3;1334
27/08/2007;2007;27;8;2;3;1335
28/08/2007;2007;28;8;3;3;1336
29/08/2007;2007;29;8;4;3;1337
30/08/2007;2007;30;8;5;3;1338
31/08/2007;2007;31;8;6;3;1339
01/09/2007;2007;1;9;7;3;1340
02/09/2007;2007;2;9;1;3;1341
03/09/2007;2007;3;9;2;3;1342
04/09/2007;2007;4;9;3;3;1343
05/09/2007;2007;5;9;4;3;1344
06/09/2007;2007;6;9;5;3;1345
07/09/2007;2007;7;9;6;3;1346
08/09/2007;2007;8;9;7;3;1347
09/09/2007;2007;9;9;1;3;1348
10/09/2007;2007;10;9;2;3;1349
11/09/2007;2007;11;9;3;3;1350
12/09/2007;2007;12;9;4;3;1351
13/09/2007;2007;13;9;5;3;1352
14/09/2007;2007;14;9;6;3;1353
15/09/2007;2007;15;9;7;3;1354
16/09/2007;2007;16;9;1;3;1355
17/09/2007;2007;17;9;2;3;1356
18/09/2007;2007;18;9;3;3;1357
19/09/2007;2007;19;9;4;3;1358
20/09/2007;2007;20;9;5;3;1359
21/09/2007;2007;21;9;6;3;1360
22/09/2007;2007;22;9;7;3;1361
23/09/2007;2007;23;9;1;3;1362
24/09/2007;2007;24;9;2;3;1363
25/09/2007;2007;25;9;3;3;1364
26/09/2007;2007;26;9;4;3;1365
27/09/2007;2007;27;9;5;3;1366
28/09/2007;2007;28;9;6;3;1367
29/09/2007;2007;29;9;7;3;1368
30/09/2007;2007;30;9;1;3;1369
01/10/2007;2007;1;10;2;4;1370
02/10/2007;2007;2;10;3;4;1371
03/10/2007;2007;3;10;4;4;1372
04/10/2007;2007;4;10;5;4;1373
05/10/2007;2007;5;10;6;4;1374
06/10/2007;2007;6;10;7;4;1375
07/10/2007;2007;7;10;1;4;1376
08/10/2007;2007;8;10;2;4;1377
09/10/2007;2007;9;10;3;4;1378
10/10/2007;2007;10;10;4;4;1379
11/10/2007;2007;11;10;5;4;1380
12/10/2007;2007;12;10;6;4;1381
13/10/2007;2007;13;10;7;4;1382
14/10/2007;2007;14;10;1;4;1383
15/10/2007;2007;15;10;2;4;1384
16/10/2007;2007;16;10;3;4;1385
17/10/2007;2007;17;10;4;4;1386
18/10/2007;2007;18;10;5;4;1387
19/10/2007;2007;19;10;6;4;1388
20/10/2007;2007;20;10;7;4;1389
21/10/2007;2007;21;10;1;4;1390
22/10/2007;2007;22;10;2;4;1391
23/10/2007;2007;23;10;3;4;1392
24/10/2007;2007;24;10;4;4;1393
25/10/2007;2007;25;10;5;4;1394
26/10/2007;2007;26;10;6;4;1395
27/10/2007;2007;27;10;7;4;1396
28/10/2007;2007;28;10;1;4;1397
29/10/2007;2007;29;10;2;4;1398
30/10/2007;2007;30;10;3;4;1399
31/10/2007;2007;31;10;4;4;1400
01/11/2007;2007;1;11;5;4;1401
02/11/2007;2007;2;11;6;4;1402
03/11/2007;2007;3;11;7;4;1403
04/11/2007;2007;4;11;1;4;1404
05/11/2007;2007;5;11;2;4;1405
06/11/2007;2007;6;11;3;4;1406
07/11/2007;2007;7;11;4;4;1407
08/11/2007;2007;8;11;5;4;1408
09/11/2007;2007;9;11;6;4;1409
10/11/2007;2007;10;11;7;4;1410
11/11/2007;2007;11;11;1;4;1411
12/11/2007;2007;12;11;2;4;1412
13/11/2007;2007;13;11;3;4;1413
14/11/2007;2007;14;11;4;4;1414
15/11/2007;2007;15;11;5;4;1415
16/11/2007;2007;16;11;6;4;1416
17/11/2007;2007;17;11;7;4;1417
18/11/2007;2007;18;11;1;4;1418
19/11/2007;2007;19;11;2;4;1419
20/11/2007;2007;20;11;3;4;1420
21/11/2007;2007;21;11;4;4;1421
22/11/2007;2007;22;11;5;4;1422
23/11/2007;2007;23;11;6;4;1423
24/11/2007;2007;24;11;7;4;1424
25/11/2007;2007;25;11;1;4;1425
26/11/2007;2007;26;11;2;4;1426
27/11/2007;2007;27;11;3;4;1427
28/11/2007;2007;28;11;4;4;1428
29/11/2007;2007;29;11;5;4;1429
30/11/2007;2007;30;11;6;4;1430
01/12/2007;2007;1;12;7;4;1431
02/12/2007;2007;2;12;1;4;1432
03/12/2007;2007;3;12;2;4;1433
04/12/2007;2007;4;12;3;4;1434
05/12/2007;2007;5;12;4;4;1435
06/12/2007;2007;6;12;5;4;1436
07/12/2007;2007;7;12;6;4;1437
08/12/2007;2007;8;12;7;4;1438
09/12/2007;2007;9;12;1;4;1439
10/12/2007;2007;10;12;2;4;1440
11/12/2007;2007;11;12;3;4;1441
12/12/2007;2007;12;12;4;4;1442
13/12/2007;2007;13;12;5;4;1443
14/12/2007;2007;14;12;6;4;1444
15/12/2007;2007;15;12;7;4;1445
16/12/2007;2007;16;12;1;4;1446
17/12/2007;2007;17;12;2;4;1447
18/12/2007;2007;18;12;3;4;1448
19/12/2007;2007;19;12;4;4;1449
20/12/2007;2007;20;12;5;4;1450
21/12/2007;2007;21;12;6;4;1451
22/12/2007;2007;22;12;7;4;1452
23/12/2007;2007;23;12;1;4;1453
24/12/2007;2007;24;12;2;4;1454
25/12/2007;2007;25;12;3;4;1455
26/12/2007;2007;26;12;4;4;1456
27/12/2007;2007;27;12;5;4;1457
28/12/2007;2007;28;12;6;4;1458
29/12/2007;2007;29;12;7;4;1459
30/12/2007;2007;30;12;1;4;1460
31/12/2007;2007;31;12;2;4;1461
01/01/2008;2008;1;1;3;1;1462
02/01/2008;2008;2;1;4;1;1463
03/01/2008;2008;3;1;5;1;1464
04/01/2008;2008;4;1;6;1;1465
05/01/2008;2008;5;1;7;1;1466
06/01/2008;2008;6;1;1;1;1467
07/01/2008;2008;7;1;2;1;1468
08/01/2008;2008;8;1;3;1;1469
09/01/2008;2008;9;1;4;1;1470
10/01/2008;2008;10;1;5;1;1471
11/01/2008;2008;11;1;6;1;1472
12/01/2008;2008;12;1;7;1;1473
13/01/2008;2008;13;1;1;1;1474
14/01/2008;2008;14;1;2;1;1475
15/01/2008;2008;15;1;3;1;1476
16/01/2008;2008;16;1;4;1;1477
17/01/2008;2008;17;1;5;1;1478
18/01/2008;2008;18;1;6;1;1479
19/01/2008;2008;19;1;7;1;1480
20/01/2008;2008;20;1;1;1;1481
21/01/2008;2008;21;1;2;1;1482
22/01/2008;2008;22;1;3;1;1483
23/01/2008;2008;23;1;4;1;1484
24/01/2008;2008;24;1;5;1;1485
25/01/2008;2008;25;1;6;1;1486
26/01/2008;2008;26;1;7;1;1487
27/01/2008;2008;27;1;1;1;1488
28/01/2008;2008;28;1;2;1;1489
29/01/2008;2008;29;1;3;1;1490
30/01/2008;2008;30;1;4;1;1491
31/01/2008;2008;31;1;5;1;1492
01/02/2008;2008;1;2;6;1;1493
02/02/2008;2008;2;2;7;1;1494
03/02/2008;2008;3;2;1;1;1495
04/02/2008;2008;4;2;2;1;1496
05/02/2008;2008;5;2;3;1;1497
06/02/2008;2008;6;2;4;1;1498
07/02/2008;2008;7;2;5;1;1499
08/02/2008;2008;8;2;6;1;1500
09/02/2008;2008;9;2;7;1;1501
10/02/2008;2008;10;2;1;1;1502
11/02/2008;2008;11;2;2;1;1503
12/02/2008;2008;12;2;3;1;1504
13/02/2008;2008;13;2;4;1;1505
14/02/2008;2008;14;2;5;1;1506
15/02/2008;2008;15;2;6;1;1507
16/02/2008;2008;16;2;7;1;1508
17/02/2008;2008;17;2;1;1;1509
18/02/2008;2008;18;2;2;1;1510
19/02/2008;2008;19;2;3;1;1511
20/02/2008;2008;20;2;4;1;1512
21/02/2008;2008;21;2;5;1;1513
22/02/2008;2008;22;2;6;1;1514
23/02/2008;2008;23;2;7;1;1515
24/02/2008;2008;24;2;1;1;1516
25/02/2008;2008;25;2;2;1;1517
26/02/2008;2008;26;2;3;1;1518
27/02/2008;2008;27;2;4;1;1519
28/02/2008;2008;28;2;5;1;1520
29/02/2008;2008;29;2;6;1;1521
01/03/2008;2008;1;3;7;1;1522
02/03/2008;2008;2;3;1;1;1523
03/03/2008;2008;3;3;2;1;1524
04/03/2008;2008;4;3;3;1;1525
05/03/2008;2008;5;3;4;1;1526
06/03/2008;2008;6;3;5;1;1527
07/03/2008;2008;7;3;6;1;1528
08/03/2008;2008;8;3;7;1;1529
09/03/2008;2008;9;3;1;1;1530
10/03/2008;2008;10;3;2;1;1531
11/03/2008;2008;11;3;3;1;1532
12/03/2008;2008;12;3;4;1;1533
13/03/2008;2008;13;3;5;1;1534
14/03/2008;2008;14;3;6;1;1535
15/03/2008;2008;15;3;7;1;1536
16/03/2008;2008;16;3;1;1;1537
17/03/2008;2008;17;3;2;1;1538
18/03/2008;2008;18;3;3;1;1539
19/03/2008;2008;19;3;4;1;1540
20/03/2008;2008;20;3;5;1;1541
21/03/2008;2008;21;3;6;1;1542
22/03/2008;2008;22;3;7;1;1543
23/03/2008;2008;23;3;1;1;1544
24/03/2008;2008;24;3;2;1;1545
25/03/2008;2008;25;3;3;1;1546
26/03/2008;2008;26;3;4;1;1547
27/03/2008;2008;27;3;5;1;1548
28/03/2008;2008;28;3;6;1;1549
29/03/2008;2008;29;3;7;1;1550
30/03/2008;2008;30;3;1;1;1551
31/03/2008;2008;31;3;2;1;1552
01/04/2008;2008;1;4;3;2;1553
02/04/2008;2008;2;4;4;2;1554
03/04/2008;2008;3;4;5;2;1555
04/04/2008;2008;4;4;6;2;1556
05/04/2008;2008;5;4;7;2;1557
06/04/2008;2008;6;4;1;2;1558
07/04/2008;2008;7;4;2;2;1559
08/04/2008;2008;8;4;3;2;1560
09/04/2008;2008;9;4;4;2;1561
10/04/2008;2008;10;4;5;2;1562
11/04/2008;2008;11;4;6;2;1563
12/04/2008;2008;12;4;7;2;1564
13/04/2008;2008;13;4;1;2;1565
14/04/2008;2008;14;4;2;2;1566
15/04/2008;2008;15;4;3;2;1567
16/04/2008;2008;16;4;4;2;1568
17/04/2008;2008;17;4;5;2;1569
18/04/2008;2008;18;4;6;2;1570
19/04/2008;2008;19;4;7;2;1571
20/04/2008;2008;20;4;1;2;1572
21/04/2008;2008;21;4;2;2;1573
22/04/2008;2008;22;4;3;2;1574
23/04/2008;2008;23;4;4;2;1575
24/04/2008;2008;24;4;5;2;1576
25/04/2008;2008;25;4;6;2;1577
26/04/2008;2008;26;4;7;2;1578
27/04/2008;2008;27;4;1;2;1579
28/04/2008;2008;28;4;2;2;1580
29/04/2008;2008;29;4;3;2;1581
30/04/2008;2008;30;4;4;2;1582
01/05/2008;2008;1;5;5;2;1583
02/05/2008;2008;2;5;6;2;1584
03/05/2008;2008;3;5;7;2;1585
04/05/2008;2008;4;5;1;2;1586
05/05/2008;2008;5;5;2;2;1587
06/05/2008;2008;6;5;3;2;1588
07/05/2008;2008;7;5;4;2;1589
08/05/2008;2008;8;5;5;2;1590
09/05/2008;2008;9;5;6;2;1591
10/05/2008;2008;10;5;7;2;1592
11/05/2008;2008;11;5;1;2;1593
12/05/2008;2008;12;5;2;2;1594
13/05/2008;2008;13;5;3;2;1595
14/05/2008;2008;14;5;4;2;1596
15/05/2008;2008;15;5;5;2;1597
16/05/2008;2008;16;5;6;2;1598
17/05/2008;2008;17;5;7;2;1599
18/05/2008;2008;18;5;1;2;1600
19/05/2008;2008;19;5;2;2;1601
20/05/2008;2008;20;5;3;2;1602
21/05/2008;2008;21;5;4;2;1603
22/05/2008;2008;22;5;5;2;1604
23/05/2008;2008;23;5;6;2;1605
24/05/2008;2008;24;5;7;2;1606
25/05/2008;2008;25;5;1;2;1607
26/05/2008;2008;26;5;2;2;1608
27/05/2008;2008;27;5;3;2;1609
28/05/2008;2008;28;5;4;2;1610
29/05/2008;2008;29;5;5;2;1611
30/05/2008;2008;30;5;6;2;1612
31/05/2008;2008;31;5;7;2;1613
01/06/2008;2008;1;6;1;2;1614
02/06/2008;2008;2;6;2;2;1615
03/06/2008;2008;3;6;3;2;1616
04/06/2008;2008;4;6;4;2;1617
05/06/2008;2008;5;6;5;2;1618
06/06/2008;2008;6;6;6;2;1619
07/06/2008;2008;7;6;7;2;1620
08/06/2008;2008;8;6;1;2;1621
09/06/2008;2008;9;6;2;2;1622
10/06/2008;2008;10;6;3;2;1623
11/06/2008;2008;11;6;4;2;1624
12/06/2008;2008;12;6;5;2;1625
13/06/2008;2008;13;6;6;2;1626
14/06/2008;2008;14;6;7;2;1627
15/06/2008;2008;15;6;1;2;1628
16/06/2008;2008;16;6;2;2;1629
17/06/2008;2008;17;6;3;2;1630
18/06/2008;2008;18;6;4;2;1631
19/06/2008;2008;19;6;5;2;1632
20/06/2008;2008;20;6;6;2;1633
21/06/2008;2008;21;6;7;2;1634
22/06/2008;2008;22;6;1;2;1635
23/06/2008;2008;23;6;2;2;1636
24/06/2008;2008;24;6;3;2;1637
25/06/2008;2008;25;6;4;2;1638
26/06/2008;2008;26;6;5;2;1639
27/06/2008;2008;27;6;6;2;1640
28/06/2008;2008;28;6;7;2;1641
29/06/2008;2008;29;6;1;2;1642
30/06/2008;2008;30;6;2;2;1643
01/07/2008;2008;1;7;3;3;1644
02/07/2008;2008;2;7;4;3;1645
03/07/2008;2008;3;7;5;3;1646
04/07/2008;2008;4;7;6;3;1647
05/07/2008;2008;5;7;7;3;1648
06/07/2008;2008;6;7;1;3;1649
07/07/2008;2008;7;7;2;3;1650
08/07/2008;2008;8;7;3;3;1651
09/07/2008;2008;9;7;4;3;1652
10/07/2008;2008;10;7;5;3;1653
11/07/2008;2008;11;7;6;3;1654
12/07/2008;2008;12;7;7;3;1655
13/07/2008;2008;13;7;1;3;1656
14/07/2008;2008;14;7;2;3;1657
15/07/2008;2008;15;7;3;3;1658
16/07/2008;2008;16;7;4;3;1659
17/07/2008;2008;17;7;5;3;1660
18/07/2008;2008;18;7;6;3;1661
19/07/2008;2008;19;7;7;3;1662
20/07/2008;2008;20;7;1;3;1663
21/07/2008;2008;21;7;2;3;1664
22/07/2008;2008;22;7;3;3;1665
23/07/2008;2008;23;7;4;3;1666
24/07/2008;2008;24;7;5;3;1667
25/07/2008;2008;25;7;6;3;1668
26/07/2008;2008;26;7;7;3;1669
27/07/2008;2008;27;7;1;3;1670
28/07/2008;2008;28;7;2;3;1671
29/07/2008;2008;29;7;3;3;1672
30/07/2008;2008;30;7;4;3;1673
31/07/2008;2008;31;7;5;3;1674
01/08/2008;2008;1;8;6;3;1675
02/08/2008;2008;2;8;7;3;1676
03/08/2008;2008;3;8;1;3;1677
04/08/2008;2008;4;8;2;3;1678
05/08/2008;2008;5;8;3;3;1679
06/08/2008;2008;6;8;4;3;1680
07/08/2008;2008;7;8;5;3;1681
08/08/2008;2008;8;8;6;3;1682
09/08/2008;2008;9;8;7;3;1683
10/08/2008;2008;10;8;1;3;1684
11/08/2008;2008;11;8;2;3;1685
12/08/2008;2008;12;8;3;3;1686
13/08/2008;2008;13;8;4;3;1687
14/08/2008;2008;14;8;5;3;1688
15/08/2008;2008;15;8;6;3;1689
16/08/2008;2008;16;8;7;3;1690
17/08/2008;2008;17;8;1;3;1691
18/08/2008;2008;18;8;2;3;1692
19/08/2008;2008;19;8;3;3;1693
20/08/2008;2008;20;8;4;3;1694
21/08/2008;2008;21;8;5;3;1695
22/08/2008;2008;22;8;6;3;1696
23/08/2008;2008;23;8;7;3;1697
24/08/2008;2008;24;8;1;3;1698
25/08/2008;2008;25;8;2;3;1699
26/08/2008;2008;26;8;3;3;1700
27/08/2008;2008;27;8;4;3;1701
28/08/2008;2008;28;8;5;3;1702
29/08/2008;2008;29;8;6;3;1703
30/08/2008;2008;30;8;7;3;1704
31/08/2008;2008;31;8;1;3;1705
01/09/2008;2008;1;9;2;3;1706
02/09/2008;2008;2;9;3;3;1707
03/09/2008;2008;3;9;4;3;1708
04/09/2008;2008;4;9;5;3;1709
05/09/2008;2008;5;9;6;3;1710
06/09/2008;2008;6;9;7;3;1711
07/09/2008;2008;7;9;1;3;1712
08/09/2008;2008;8;9;2;3;1713
09/09/2008;2008;9;9;3;3;1714
10/09/2008;2008;10;9;4;3;1715
11/09/2008;2008;11;9;5;3;1716
12/09/2008;2008;12;9;6;3;1717
13/09/2008;2008;13;9;7;3;1718
14/09/2008;2008;14;9;1;3;1719
15/09/2008;2008;15;9;2;3;1720
16/09/2008;2008;16;9;3;3;1721
17/09/2008;2008;17;9;4;3;1722
18/09/2008;2008;18;9;5;3;1723
19/09/2008;2008;19;9;6;3;1724
20/09/2008;2008;20;9;7;3;1725
21/09/2008;2008;21;9;1;3;1726
22/09/2008;2008;22;9;2;3;1727
23/09/2008;2008;23;9;3;3;1728
24/09/2008;2008;24;9;4;3;1729
25/09/2008;2008;25;9;5;3;1730
26/09/2008;2008;26;9;6;3;1731
27/09/2008;2008;27;9;7;3;1732
28/09/2008;2008;28;9;1;3;1733
29/09/2008;2008;29;9;2;3;1734
30/09/2008;2008;30;9;3;3;1735
01/10/2008;2008;1;10;4;4;1736
02/10/2008;2008;2;10;5;4;1737
03/10/2008;2008;3;10;6;4;1738
04/10/2008;2008;4;10;7;4;1739
05/10/2008;2008;5;10;1;4;1740
06/10/2008;2008;6;10;2;4;1741
07/10/2008;2008;7;10;3;4;1742
08/10/2008;2008;8;10;4;4;1743
09/10/2008;2008;9;10;5;4;1744
10/10/2008;2008;10;10;6;4;1745
11/10/2008;2008;11;10;7;4;1746
12/10/2008;2008;12;10;1;4;1747
13/10/2008;2008;13;10;2;4;1748
14/10/2008;2008;14;10;3;4;1749
15/10/2008;2008;15;10;4;4;1750
16/10/2008;2008;16;10;5;4;1751
17/10/2008;2008;17;10;6;4;1752
18/10/2008;2008;18;10;7;4;1753
19/10/2008;2008;19;10;1;4;1754
20/10/2008;2008;20;10;2;4;1755
21/10/2008;2008;21;10;3;4;1756
22/10/2008;2008;22;10;4;4;1757
23/10/2008;2008;23;10;5;4;1758
24/10/2008;2008;24;10;6;4;1759
25/10/2008;2008;25;10;7;4;1760
26/10/2008;2008;26;10;1;4;1761
27/10/2008;2008;27;10;2;4;1762
28/10/2008;2008;28;10;3;4;1763
29/10/2008;2008;29;10;4;4;1764
30/10/2008;2008;30;10;5;4;1765
31/10/2008;2008;31;10;6;4;1766
01/11/2008;2008;1;11;7;4;1767
02/11/2008;2008;2;11;1;4;1768
03/11/2008;2008;3;11;2;4;1769
04/11/2008;2008;4;11;3;4;1770
05/11/2008;2008;5;11;4;4;1771
06/11/2008;2008;6;11;5;4;1772
07/11/2008;2008;7;11;6;4;1773
08/11/2008;2008;8;11;7;4;1774
09/11/2008;2008;9;11;1;4;1775
10/11/2008;2008;10;11;2;4;1776
11/11/2008;2008;11;11;3;4;1777
12/11/2008;2008;12;11;4;4;1778
13/11/2008;2008;13;11;5;4;1779
14/11/2008;2008;14;11;6;4;1780
15/11/2008;2008;15;11;7;4;1781
16/11/2008;2008;16;11;1;4;1782
17/11/2008;2008;17;11;2;4;1783
18/11/2008;2008;18;11;3;4;1784
19/11/2008;2008;19;11;4;4;1785
20/11/2008;2008;20;11;5;4;1786
21/11/2008;2008;21;11;6;4;1787
22/11/2008;2008;22;11;7;4;1788
23/11/2008;2008;23;11;1;4;1789
24/11/2008;2008;24;11;2;4;1790
25/11/2008;2008;25;11;3;4;1791
26/11/2008;2008;26;11;4;4;1792
27/11/2008;2008;27;11;5;4;1793
28/11/2008;2008;28;11;6;4;1794
29/11/2008;2008;29;11;7;4;1795
30/11/2008;2008;30;11;1;4;1796
01/12/2008;2008;1;12;2;4;1797
02/12/2008;2008;2;12;3;4;1798
03/12/2008;2008;3;12;4;4;1799
04/12/2008;2008;4;12;5;4;1800
05/12/2008;2008;5;12;6;4;1801
06/12/2008;2008;6;12;7;4;1802
07/12/2008;2008;7;12;1;4;1803
08/12/2008;2008;8;12;2;4;1804
09/12/2008;2008;9;12;3;4;1805
10/12/2008;2008;10;12;4;4;1806
11/12/2008;2008;11;12;5;4;1807
12/12/2008;2008;12;12;6;4;1808
13/12/2008;2008;13;12;7;4;1809
14/12/2008;2008;14;12;1;4;1810
15/12/2008;2008;15;12;2;4;1811
16/12/2008;2008;16;12;3;4;1812
17/12/2008;2008;17;12;4;4;1813
18/12/2008;2008;18;12;5;4;1814
19/12/2008;2008;19;12;6;4;1815
20/12/2008;2008;20;12;7;4;1816
21/12/2008;2008;21;12;1;4;1817
22/12/2008;2008;22;12;2;4;1818
23/12/2008;2008;23;12;3;4;1819
24/12/2008;2008;24;12;4;4;1820
25/12/2008;2008;25;12;5;4;1821
26/12/2008;2008;26;12;6;4;1822
27/12/2008;2008;27;12;7;4;1823
28/12/2008;2008;28;12;1;4;1824
29/12/2008;2008;29;12;2;4;1825
30/12/2008;2008;30;12;3;4;1826
31/12/2008;2008;31;12;4;4;1827
01/01/2009;2009;1;1;5;1;1828
02/01/2009;2009;2;1;6;1;1829
03/01/2009;2009;3;1;7;1;1830
04/01/2009;2009;4;1;1;1;1831
05/01/2009;2009;5;1;2;1;1832
06/01/2009;2009;6;1;3;1;1833
07/01/2009;2009;7;1;4;1;1834
08/01/2009;2009;8;1;5;1;1835
09/01/2009;2009;9;1;6;1;1836
10/01/2009;2009;10;1;7;1;1837
11/01/2009;2009;11;1;1;1;1838
12/01/2009;2009;12;1;2;1;1839
13/01/2009;2009;13;1;3;1;1840
14/01/2009;2009;14;1;4;1;1841
15/01/2009;2009;15;1;5;1;1842
16/01/2009;2009;16;1;6;1;1843
17/01/2009;2009;17;1;7;1;1844
18/01/2009;2009;18;1;1;1;1845
19/01/2009;2009;19;1;2;1;1846
20/01/2009;2009;20;1;3;1;1847
21/01/2009;2009;21;1;4;1;1848
22/01/2009;2009;22;1;5;1;1849
23/01/2009;2009;23;1;6;1;1850
24/01/2009;2009;24;1;7;1;1851
25/01/2009;2009;25;1;1;1;1852
26/01/2009;2009;26;1;2;1;1853
27/01/2009;2009;27;1;3;1;1854
28/01/2009;2009;28;1;4;1;1855
29/01/2009;2009;29;1;5;1;1856
30/01/2009;2009;30;1;6;1;1857
31/01/2009;2009;31;1;7;1;1858
01/02/2009;2009;1;2;1;1;1859
02/02/2009;2009;2;2;2;1;1860
03/02/2009;2009;3;2;3;1;1861
04/02/2009;2009;4;2;4;1;1862
05/02/2009;2009;5;2;5;1;1863
06/02/2009;2009;6;2;6;1;1864
07/02/2009;2009;7;2;7;1;1865
08/02/2009;2009;8;2;1;1;1866
09/02/2009;2009;9;2;2;1;1867
10/02/2009;2009;10;2;3;1;1868
11/02/2009;2009;11;2;4;1;1869
12/02/2009;2009;12;2;5;1;1870
13/02/2009;2009;13;2;6;1;1871
14/02/2009;2009;14;2;7;1;1872
15/02/2009;2009;15;2;1;1;1873
16/02/2009;2009;16;2;2;1;1874
17/02/2009;2009;17;2;3;1;1875
18/02/2009;2009;18;2;4;1;1876
19/02/2009;2009;19;2;5;1;1877
20/02/2009;2009;20;2;6;1;1878
21/02/2009;2009;21;2;7;1;1879
22/02/2009;2009;22;2;1;1;1880
23/02/2009;2009;23;2;2;1;1881
24/02/2009;2009;24;2;3;1;1882
25/02/2009;2009;25;2;4;1;1883
26/02/2009;2009;26;2;5;1;1884
27/02/2009;2009;27;2;6;1;1885
28/02/2009;2009;28;2;7;1;1886
01/03/2009;2009;1;3;1;1;1887
02/03/2009;2009;2;3;2;1;1888
03/03/2009;2009;3;3;3;1;1889
04/03/2009;2009;4;3;4;1;1890
05/03/2009;2009;5;3;5;1;1891
06/03/2009;2009;6;3;6;1;1892
07/03/2009;2009;7;3;7;1;1893
08/03/2009;2009;8;3;1;1;1894
09/03/2009;2009;9;3;2;1;1895
10/03/2009;2009;10;3;3;1;1896
11/03/2009;2009;11;3;4;1;1897
12/03/2009;2009;12;3;5;1;1898
13/03/2009;2009;13;3;6;1;1899
14/03/2009;2009;14;3;7;1;1900
15/03/2009;2009;15;3;1;1;1901
16/03/2009;2009;16;3;2;1;1902
17/03/2009;2009;17;3;3;1;1903
18/03/2009;2009;18;3;4;1;1904
19/03/2009;2009;19;3;5;1;1905
20/03/2009;2009;20;3;6;1;1906
21/03/2009;2009;21;3;7;1;1907
22/03/2009;2009;22;3;1;1;1908
23/03/2009;2009;23;3;2;1;1909
24/03/2009;2009;24;3;3;1;1910
25/03/2009;2009;25;3;4;1;1911
26/03/2009;2009;26;3;5;1;1912
27/03/2009;2009;27;3;6;1;1913
28/03/2009;2009;28;3;7;1;1914
29/03/2009;2009;29;3;1;1;1915
30/03/2009;2009;30;3;2;1;1916
31/03/2009;2009;31;3;3;1;1917
01/04/2009;2009;1;4;4;2;1918
02/04/2009;2009;2;4;5;2;1919
03/04/2009;2009;3;4;6;2;1920
04/04/2009;2009;4;4;7;2;1921
05/04/2009;2009;5;4;1;2;1922
06/04/2009;2009;6;4;2;2;1923
07/04/2009;2009;7;4;3;2;1924
08/04/2009;2009;8;4;4;2;1925
09/04/2009;2009;9;4;5;2;1926
10/04/2009;2009;10;4;6;2;1927
11/04/2009;2009;11;4;7;2;1928
12/04/2009;2009;12;4;1;2;1929
13/04/2009;2009;13;4;2;2;1930
14/04/2009;2009;14;4;3;2;1931
15/04/2009;2009;15;4;4;2;1932
16/04/2009;2009;16;4;5;2;1933
17/04/2009;2009;17;4;6;2;1934
18/04/2009;2009;18;4;7;2;1935
19/04/2009;2009;19;4;1;2;1936
20/04/2009;2009;20;4;2;2;1937
21/04/2009;2009;21;4;3;2;1938
22/04/2009;2009;22;4;4;2;1939
23/04/2009;2009;23;4;5;2;1940
24/04/2009;2009;24;4;6;2;1941
25/04/2009;2009;25;4;7;2;1942
26/04/2009;2009;26;4;1;2;1943
27/04/2009;2009;27;4;2;2;1944
28/04/2009;2009;28;4;3;2;1945
29/04/2009;2009;29;4;4;2;1946
30/04/2009;2009;30;4;5;2;1947
01/05/2009;2009;1;5;6;2;1948
02/05/2009;2009;2;5;7;2;1949
03/05/2009;2009;3;5;1;2;1950
04/05/2009;2009;4;5;2;2;1951
05/05/2009;2009;5;5;3;2;1952
06/05/2009;2009;6;5;4;2;1953
07/05/2009;2009;7;5;5;2;1954
08/05/2009;2009;8;5;6;2;1955
09/05/2009;2009;9;5;7;2;1956
10/05/2009;2009;10;5;1;2;1957
11/05/2009;2009;11;5;2;2;1958
12/05/2009;2009;12;5;3;2;1959
13/05/2009;2009;13;5;4;2;1960
14/05/2009;2009;14;5;5;2;1961
15/05/2009;2009;15;5;6;2;1962
16/05/2009;2009;16;5;7;2;1963
17/05/2009;2009;17;5;1;2;1964
18/05/2009;2009;18;5;2;2;1965
19/05/2009;2009;19;5;3;2;1966
20/05/2009;2009;20;5;4;2;1967
21/05/2009;2009;21;5;5;2;1968
22/05/2009;2009;22;5;6;2;1969
23/05/2009;2009;23;5;7;2;1970
24/05/2009;2009;24;5;1;2;1971
25/05/2009;2009;25;5;2;2;1972
26/05/2009;2009;26;5;3;2;1973
27/05/2009;2009;27;5;4;2;1974
28/05/2009;2009;28;5;5;2;1975
29/05/2009;2009;29;5;6;2;1976
30/05/2009;2009;30;5;7;2;1977
31/05/2009;2009;31;5;1;2;1978
01/06/2009;2009;1;6;2;2;1979
02/06/2009;2009;2;6;3;2;1980
03/06/2009;2009;3;6;4;2;1981
04/06/2009;2009;4;6;5;2;1982
05/06/2009;2009;5;6;6;2;1983
06/06/2009;2009;6;6;7;2;1984
07/06/2009;2009;7;6;1;2;1985
08/06/2009;2009;8;6;2;2;1986
09/06/2009;2009;9;6;3;2;1987
10/06/2009;2009;10;6;4;2;1988
11/06/2009;2009;11;6;5;2;1989
12/06/2009;2009;12;6;6;2;1990
13/06/2009;2009;13;6;7;2;1991
14/06/2009;2009;14;6;1;2;1992
15/06/2009;2009;15;6;2;2;1993
16/06/2009;2009;16;6;3;2;1994
17/06/2009;2009;17;6;4;2;1995
18/06/2009;2009;18;6;5;2;1996
19/06/2009;2009;19;6;6;2;1997
20/06/2009;2009;20;6;7;2;1998
21/06/2009;2009;21;6;1;2;1999
22/06/2009;2009;22;6;2;2;2000
23/06/2009;2009;23;6;3;2;2001
24/06/2009;2009;24;6;4;2;2002
25/06/2009;2009;25;6;5;2;2003
26/06/2009;2009;26;6;6;2;2004
27/06/2009;2009;27;6;7;2;2005
28/06/2009;2009;28;6;1;2;2006
29/06/2009;2009;29;6;2;2;2007
30/06/2009;2009;30;6;3;2;2008
01/07/2009;2009;1;7;4;3;2009
02/07/2009;2009;2;7;5;3;2010
03/07/2009;2009;3;7;6;3;2011
04/07/2009;2009;4;7;7;3;2012
05/07/2009;2009;5;7;1;3;2013
06/07/2009;2009;6;7;2;3;2014
07/07/2009;2009;7;7;3;3;2015
08/07/2009;2009;8;7;4;3;2016
09/07/2009;2009;9;7;5;3;2017
10/07/2009;2009;10;7;6;3;2018
11/07/2009;2009;11;7;7;3;2019
12/07/2009;2009;12;7;1;3;2020
13/07/2009;2009;13;7;2;3;2021
14/07/2009;2009;14;7;3;3;2022
15/07/2009;2009;15;7;4;3;2023
16/07/2009;2009;16;7;5;3;2024
17/07/2009;2009;17;7;6;3;2025
18/07/2009;2009;18;7;7;3;2026
19/07/2009;2009;19;7;1;3;2027
20/07/2009;2009;20;7;2;3;2028
21/07/2009;2009;21;7;3;3;2029
22/07/2009;2009;22;7;4;3;2030
23/07/2009;2009;23;7;5;3;2031
24/07/2009;2009;24;7;6;3;2032
25/07/2009;2009;25;7;7;3;2033
26/07/2009;2009;26;7;1;3;2034
27/07/2009;2009;27;7;2;3;2035
28/07/2009;2009;28;7;3;3;2036
29/07/2009;2009;29;7;4;3;2037
30/07/2009;2009;30;7;5;3;2038
31/07/2009;2009;31;7;6;3;2039
01/08/2009;2009;1;8;7;3;2040
02/08/2009;2009;2;8;1;3;2041
03/08/2009;2009;3;8;2;3;2042
04/08/2009;2009;4;8;3;3;2043
05/08/2009;2009;5;8;4;3;2044
06/08/2009;2009;6;8;5;3;2045
07/08/2009;2009;7;8;6;3;2046
08/08/2009;2009;8;8;7;3;2047
09/08/2009;2009;9;8;1;3;2048
10/08/2009;2009;10;8;2;3;2049
11/08/2009;2009;11;8;3;3;2050
12/08/2009;2009;12;8;4;3;2051
13/08/2009;2009;13;8;5;3;2052
14/08/2009;2009;14;8;6;3;2053
15/08/2009;2009;15;8;7;3;2054
16/08/2009;2009;16;8;1;3;2055
17/08/2009;2009;17;8;2;3;2056
18/08/2009;2009;18;8;3;3;2057
19/08/2009;2009;19;8;4;3;2058
20/08/2009;2009;20;8;5;3;2059
21/08/2009;2009;21;8;6;3;2060
22/08/2009;2009;22;8;7;3;2061
23/08/2009;2009;23;8;1;3;2062
24/08/2009;2009;24;8;2;3;2063
25/08/2009;2009;25;8;3;3;2064
26/08/2009;2009;26;8;4;3;2065
27/08/2009;2009;27;8;5;3;2066
28/08/2009;2009;28;8;6;3;2067
29/08/2009;2009;29;8;7;3;2068
30/08/2009;2009;30;8;1;3;2069
31/08/2009;2009;31;8;2;3;2070
01/09/2009;2009;1;9;3;3;2071
02/09/2009;2009;2;9;4;3;2072
03/09/2009;2009;3;9;5;3;2073
04/09/2009;2009;4;9;6;3;2074
05/09/2009;2009;5;9;7;3;2075
06/09/2009;2009;6;9;1;3;2076
07/09/2009;2009;7;9;2;3;2077
08/09/2009;2009;8;9;3;3;2078
09/09/2009;2009;9;9;4;3;2079
10/09/2009;2009;10;9;5;3;2080
11/09/2009;2009;11;9;6;3;2081
12/09/2009;2009;12;9;7;3;2082
13/09/2009;2009;13;9;1;3;2083
14/09/2009;2009;14;9;2;3;2084
15/09/2009;2009;15;9;3;3;2085
16/09/2009;2009;16;9;4;3;2086
17/09/2009;2009;17;9;5;3;2087
18/09/2009;2009;18;9;6;3;2088
19/09/2009;2009;19;9;7;3;2089
20/09/2009;2009;20;9;1;3;2090
21/09/2009;2009;21;9;2;3;2091
22/09/2009;2009;22;9;3;3;2092
23/09/2009;2009;23;9;4;3;2093
24/09/2009;2009;24;9;5;3;2094
25/09/2009;2009;25;9;6;3;2095
26/09/2009;2009;26;9;7;3;2096
27/09/2009;2009;27;9;1;3;2097
28/09/2009;2009;28;9;2;3;2098
29/09/2009;2009;29;9;3;3;2099
30/09/2009;2009;30;9;4;3;2100
01/10/2009;2009;1;10;5;4;2101
02/10/2009;2009;2;10;6;4;2102
03/10/2009;2009;3;10;7;4;2103
04/10/2009;2009;4;10;1;4;2104
05/10/2009;2009;5;10;2;4;2105
06/10/2009;2009;6;10;3;4;2106
07/10/2009;2009;7;10;4;4;2107
08/10/2009;2009;8;10;5;4;2108
09/10/2009;2009;9;10;6;4;2109
10/10/2009;2009;10;10;7;4;2110
11/10/2009;2009;11;10;1;4;2111
12/10/2009;2009;12;10;2;4;2112
13/10/2009;2009;13;10;3;4;2113
14/10/2009;2009;14;10;4;4;2114
15/10/2009;2009;15;10;5;4;2115
16/10/2009;2009;16;10;6;4;2116
17/10/2009;2009;17;10;7;4;2117
18/10/2009;2009;18;10;1;4;2118
19/10/2009;2009;19;10;2;4;2119
20/10/2009;2009;20;10;3;4;2120
21/10/2009;2009;21;10;4;4;2121
22/10/2009;2009;22;10;5;4;2122
23/10/2009;2009;23;10;6;4;2123
24/10/2009;2009;24;10;7;4;2124
25/10/2009;2009;25;10;1;4;2125
26/10/2009;2009;26;10;2;4;2126
27/10/2009;2009;27;10;3;4;2127
28/10/2009;2009;28;10;4;4;2128
29/10/2009;2009;29;10;5;4;2129
30/10/2009;2009;30;10;6;4;2130
31/10/2009;2009;31;10;7;4;2131
01/11/2009;2009;1;11;1;4;2132
02/11/2009;2009;2;11;2;4;2133
03/11/2009;2009;3;11;3;4;2134
04/11/2009;2009;4;11;4;4;2135
05/11/2009;2009;5;11;5;4;2136
06/11/2009;2009;6;11;6;4;2137
07/11/2009;2009;7;11;7;4;2138
08/11/2009;2009;8;11;1;4;2139
09/11/2009;2009;9;11;2;4;2140
10/11/2009;2009;10;11;3;4;2141
11/11/2009;2009;11;11;4;4;2142
12/11/2009;2009;12;11;5;4;2143
13/11/2009;2009;13;11;6;4;2144
14/11/2009;2009;14;11;7;4;2145
15/11/2009;2009;15;11;1;4;2146
16/11/2009;2009;16;11;2;4;2147
17/11/2009;2009;17;11;3;4;2148
18/11/2009;2009;18;11;4;4;2149
19/11/2009;2009;19;11;5;4;2150
20/11/2009;2009;20;11;6;4;2151
21/11/2009;2009;21;11;7;4;2152
22/11/2009;2009;22;11;1;4;2153
23/11/2009;2009;23;11;2;4;2154
24/11/2009;2009;24;11;3;4;2155
25/11/2009;2009;25;11;4;4;2156
26/11/2009;2009;26;11;5;4;2157
27/11/2009;2009;27;11;6;4;2158
28/11/2009;2009;28;11;7;4;2159
29/11/2009;2009;29;11;1;4;2160
30/11/2009;2009;30;11;2;4;2161
01/12/2009;2009;1;12;3;4;2162
02/12/2009;2009;2;12;4;4;2163
03/12/2009;2009;3;12;5;4;2164
04/12/2009;2009;4;12;6;4;2165
05/12/2009;2009;5;12;7;4;2166
06/12/2009;2009;6;12;1;4;2167
07/12/2009;2009;7;12;2;4;2168
08/12/2009;2009;8;12;3;4;2169
09/12/2009;2009;9;12;4;4;2170
10/12/2009;2009;10;12;5;4;2171
11/12/2009;2009;11;12;6;4;2172
12/12/2009;2009;12;12;7;4;2173
13/12/2009;2009;13;12;1;4;2174
14/12/2009;2009;14;12;2;4;2175
15/12/2009;2009;15;12;3;4;2176
16/12/2009;2009;16;12;4;4;2177
17/12/2009;2009;17;12;5;4;2178
18/12/2009;2009;18;12;6;4;2179
19/12/2009;2009;19;12;7;4;2180
20/12/2009;2009;20;12;1;4;2181
21/12/2009;2009;21;12;2;4;2182
22/12/2009;2009;22;12;3;4;2183
23/12/2009;2009;23;12;4;4;2184
24/12/2009;2009;24;12;5;4;2185
25/12/2009;2009;25;12;6;4;2186
26/12/2009;2009;26;12;7;4;2187
27/12/2009;2009;27;12;1;4;2188
28/12/2009;2009;28;12;2;4;2189
29/12/2009;2009;29;12;3;4;2190
30/12/2009;2009;30;12;4;4;2191
31/12/2009;2009;31;12;5;4;2192
01/01/2010;2010;1;1;6;1;2193
02/01/2010;2010;2;1;7;1;2194
03/01/2010;2010;3;1;1;1;2195
04/01/2010;2010;4;1;2;1;2196
05/01/2010;2010;5;1;3;1;2197
06/01/2010;2010;6;1;4;1;2198
07/01/2010;2010;7;1;5;1;2199
08/01/2010;2010;8;1;6;1;2200
09/01/2010;2010;9;1;7;1;2201
10/01/2010;2010;10;1;1;1;2202
11/01/2010;2010;11;1;2;1;2203
12/01/2010;2010;12;1;3;1;2204
13/01/2010;2010;13;1;4;1;2205
14/01/2010;2010;14;1;5;1;2206
15/01/2010;2010;15;1;6;1;2207
16/01/2010;2010;16;1;7;1;2208
17/01/2010;2010;17;1;1;1;2209
18/01/2010;2010;18;1;2;1;2210
19/01/2010;2010;19;1;3;1;2211
20/01/2010;2010;20;1;4;1;2212
21/01/2010;2010;21;1;5;1;2213
22/01/2010;2010;22;1;6;1;2214
23/01/2010;2010;23;1;7;1;2215
24/01/2010;2010;24;1;1;1;2216
25/01/2010;2010;25;1;2;1;2217
26/01/2010;2010;26;1;3;1;2218
27/01/2010;2010;27;1;4;1;2219
28/01/2010;2010;28;1;5;1;2220
29/01/2010;2010;29;1;6;1;2221
30/01/2010;2010;30;1;7;1;2222
31/01/2010;2010;31;1;1;1;2223
01/02/2010;2010;1;2;2;1;2224
02/02/2010;2010;2;2;3;1;2225
03/02/2010;2010;3;2;4;1;2226
04/02/2010;2010;4;2;5;1;2227
05/02/2010;2010;5;2;6;1;2228
06/02/2010;2010;6;2;7;1;2229
07/02/2010;2010;7;2;1;1;2230
08/02/2010;2010;8;2;2;1;2231
09/02/2010;2010;9;2;3;1;2232
10/02/2010;2010;10;2;4;1;2233
11/02/2010;2010;11;2;5;1;2234
12/02/2010;2010;12;2;6;1;2235
13/02/2010;2010;13;2;7;1;2236
14/02/2010;2010;14;2;1;1;2237
15/02/2010;2010;15;2;2;1;2238
16/02/2010;2010;16;2;3;1;2239
17/02/2010;2010;17;2;4;1;2240
18/02/2010;2010;18;2;5;1;2241
19/02/2010;2010;19;2;6;1;2242
20/02/2010;2010;20;2;7;1;2243
21/02/2010;2010;21;2;1;1;2244
22/02/2010;2010;22;2;2;1;2245
23/02/2010;2010;23;2;3;1;2246
24/02/2010;2010;24;2;4;1;2247
25/02/2010;2010;25;2;5;1;2248
26/02/2010;2010;26;2;6;1;2249
27/02/2010;2010;27;2;7;1;2250
28/02/2010;2010;28;2;1;1;2251
01/03/2010;2010;1;3;2;1;2252
02/03/2010;2010;2;3;3;1;2253
03/03/2010;2010;3;3;4;1;2254
04/03/2010;2010;4;3;5;1;2255
05/03/2010;2010;5;3;6;1;2256
06/03/2010;2010;6;3;7;1;2257
07/03/2010;2010;7;3;1;1;2258
08/03/2010;2010;8;3;2;1;2259
09/03/2010;2010;9;3;3;1;2260
10/03/2010;2010;10;3;4;1;2261
11/03/2010;2010;11;3;5;1;2262
12/03/2010;2010;12;3;6;1;2263
13/03/2010;2010;13;3;7;1;2264
14/03/2010;2010;14;3;1;1;2265
15/03/2010;2010;15;3;2;1;2266
16/03/2010;2010;16;3;3;1;2267
17/03/2010;2010;17;3;4;1;2268
18/03/2010;2010;18;3;5;1;2269
19/03/2010;2010;19;3;6;1;2270
20/03/2010;2010;20;3;7;1;2271
21/03/2010;2010;21;3;1;1;2272
22/03/2010;2010;22;3;2;1;2273
23/03/2010;2010;23;3;3;1;2274
24/03/2010;2010;24;3;4;1;2275
25/03/2010;2010;25;3;5;1;2276
26/03/2010;2010;26;3;6;1;2277
27/03/2010;2010;27;3;7;1;2278
28/03/2010;2010;28;3;1;1;2279
29/03/2010;2010;29;3;2;1;2280
30/03/2010;2010;30;3;3;1;2281
31/03/2010;2010;31;3;4;1;2282
01/04/2010;2010;1;4;5;2;2283
02/04/2010;2010;2;4;6;2;2284
03/04/2010;2010;3;4;7;2;2285
04/04/2010;2010;4;4;1;2;2286
05/04/2010;2010;5;4;2;2;2287
06/04/2010;2010;6;4;3;2;2288
07/04/2010;2010;7;4;4;2;2289
08/04/2010;2010;8;4;5;2;2290
09/04/2010;2010;9;4;6;2;2291
10/04/2010;2010;10;4;7;2;2292
11/04/2010;2010;11;4;1;2;2293
12/04/2010;2010;12;4;2;2;2294
13/04/2010;2010;13;4;3;2;2295
14/04/2010;2010;14;4;4;2;2296
15/04/2010;2010;15;4;5;2;2297
16/04/2010;2010;16;4;6;2;2298
17/04/2010;2010;17;4;7;2;2299
18/04/2010;2010;18;4;1;2;2300
19/04/2010;2010;19;4;2;2;2301
20/04/2010;2010;20;4;3;2;2302
21/04/2010;2010;21;4;4;2;2303
22/04/2010;2010;22;4;5;2;2304
23/04/2010;2010;23;4;6;2;2305
24/04/2010;2010;24;4;7;2;2306
25/04/2010;2010;25;4;1;2;2307
26/04/2010;2010;26;4;2;2;2308
27/04/2010;2010;27;4;3;2;2309
28/04/2010;2010;28;4;4;2;2310
29/04/2010;2010;29;4;5;2;2311
30/04/2010;2010;30;4;6;2;2312
01/05/2010;2010;1;5;7;2;2313
02/05/2010;2010;2;5;1;2;2314
03/05/2010;2010;3;5;2;2;2315
04/05/2010;2010;4;5;3;2;2316
05/05/2010;2010;5;5;4;2;2317
06/05/2010;2010;6;5;5;2;2318
07/05/2010;2010;7;5;6;2;2319
08/05/2010;2010;8;5;7;2;2320
09/05/2010;2010;9;5;1;2;2321
10/05/2010;2010;10;5;2;2;2322
11/05/2010;2010;11;5;3;2;2323
12/05/2010;2010;12;5;4;2;2324
13/05/2010;2010;13;5;5;2;2325
14/05/2010;2010;14;5;6;2;2326
15/05/2010;2010;15;5;7;2;2327
16/05/2010;2010;16;5;1;2;2328
17/05/2010;2010;17;5;2;2;2329
18/05/2010;2010;18;5;3;2;2330
19/05/2010;2010;19;5;4;2;2331
20/05/2010;2010;20;5;5;2;2332
21/05/2010;2010;21;5;6;2;2333
22/05/2010;2010;22;5;7;2;2334
23/05/2010;2010;23;5;1;2;2335
24/05/2010;2010;24;5;2;2;2336
25/05/2010;2010;25;5;3;2;2337
26/05/2010;2010;26;5;4;2;2338
27/05/2010;2010;27;5;5;2;2339
28/05/2010;2010;28;5;6;2;2340
29/05/2010;2010;29;5;7;2;2341
30/05/2010;2010;30;5;1;2;2342
31/05/2010;2010;31;5;2;2;2343
01/06/2010;2010;1;6;3;2;2344
02/06/2010;2010;2;6;4;2;2345
03/06/2010;2010;3;6;5;2;2346
04/06/2010;2010;4;6;6;2;2347
05/06/2010;2010;5;6;7;2;2348
06/06/2010;2010;6;6;1;2;2349
07/06/2010;2010;7;6;2;2;2350
08/06/2010;2010;8;6;3;2;2351
09/06/2010;2010;9;6;4;2;2352
10/06/2010;2010;10;6;5;2;2353
11/06/2010;2010;11;6;6;2;2354
12/06/2010;2010;12;6;7;2;2355
13/06/2010;2010;13;6;1;2;2356
14/06/2010;2010;14;6;2;2;2357
15/06/2010;2010;15;6;3;2;2358
16/06/2010;2010;16;6;4;2;2359
17/06/2010;2010;17;6;5;2;2360
18/06/2010;2010;18;6;6;2;2361
19/06/2010;2010;19;6;7;2;2362
20/06/2010;2010;20;6;1;2;2363
21/06/2010;2010;21;6;2;2;2364
22/06/2010;2010;22;6;3;2;2365
23/06/2010;2010;23;6;4;2;2366
24/06/2010;2010;24;6;5;2;2367
25/06/2010;2010;25;6;6;2;2368
26/06/2010;2010;26;6;7;2;2369
27/06/2010;2010;27;6;1;2;2370
28/06/2010;2010;28;6;2;2;2371
29/06/2010;2010;29;6;3;2;2372
30/06/2010;2010;30;6;4;2;2373
01/07/2010;2010;1;7;5;3;2374
02/07/2010;2010;2;7;6;3;2375
03/07/2010;2010;3;7;7;3;2376
04/07/2010;2010;4;7;1;3;2377
05/07/2010;2010;5;7;2;3;2378
06/07/2010;2010;6;7;3;3;2379
07/07/2010;2010;7;7;4;3;2380
08/07/2010;2010;8;7;5;3;2381
09/07/2010;2010;9;7;6;3;2382
10/07/2010;2010;10;7;7;3;2383
11/07/2010;2010;11;7;1;3;2384
12/07/2010;2010;12;7;2;3;2385
13/07/2010;2010;13;7;3;3;2386
14/07/2010;2010;14;7;4;3;2387
15/07/2010;2010;15;7;5;3;2388
16/07/2010;2010;16;7;6;3;2389
17/07/2010;2010;17;7;7;3;2390
18/07/2010;2010;18;7;1;3;2391
19/07/2010;2010;19;7;2;3;2392
20/07/2010;2010;20;7;3;3;2393
21/07/2010;2010;21;7;4;3;2394
22/07/2010;2010;22;7;5;3;2395
23/07/2010;2010;23;7;6;3;2396
24/07/2010;2010;24;7;7;3;2397
25/07/2010;2010;25;7;1;3;2398
26/07/2010;2010;26;7;2;3;2399
27/07/2010;2010;27;7;3;3;2400
28/07/2010;2010;28;7;4;3;2401
29/07/2010;2010;29;7;5;3;2402
30/07/2010;2010;30;7;6;3;2403
31/07/2010;2010;31;7;7;3;2404
01/08/2010;2010;1;8;1;3;2405
02/08/2010;2010;2;8;2;3;2406
03/08/2010;2010;3;8;3;3;2407
04/08/2010;2010;4;8;4;3;2408
05/08/2010;2010;5;8;5;3;2409
06/08/2010;2010;6;8;6;3;2410
07/08/2010;2010;7;8;7;3;2411
08/08/2010;2010;8;8;1;3;2412
09/08/2010;2010;9;8;2;3;2413
10/08/2010;2010;10;8;3;3;2414
11/08/2010;2010;11;8;4;3;2415
12/08/2010;2010;12;8;5;3;2416
13/08/2010;2010;13;8;6;3;2417
14/08/2010;2010;14;8;7;3;2418
15/08/2010;2010;15;8;1;3;2419
16/08/2010;2010;16;8;2;3;2420
17/08/2010;2010;17;8;3;3;2421
18/08/2010;2010;18;8;4;3;2422
19/08/2010;2010;19;8;5;3;2423
20/08/2010;2010;20;8;6;3;2424
21/08/2010;2010;21;8;7;3;2425
22/08/2010;2010;22;8;1;3;2426
23/08/2010;2010;23;8;2;3;2427
24/08/2010;2010;24;8;3;3;2428
25/08/2010;2010;25;8;4;3;2429
26/08/2010;2010;26;8;5;3;2430
27/08/2010;2010;27;8;6;3;2431
28/08/2010;2010;28;8;7;3;2432
29/08/2010;2010;29;8;1;3;2433
30/08/2010;2010;30;8;2;3;2434
31/08/2010;2010;31;8;3;3;2435
01/09/2010;2010;1;9;4;3;2436
02/09/2010;2010;2;9;5;3;2437
03/09/2010;2010;3;9;6;3;2438
04/09/2010;2010;4;9;7;3;2439
05/09/2010;2010;5;9;1;3;2440
06/09/2010;2010;6;9;2;3;2441
07/09/2010;2010;7;9;3;3;2442
08/09/2010;2010;8;9;4;3;2443
09/09/2010;2010;9;9;5;3;2444
10/09/2010;2010;10;9;6;3;2445
11/09/2010;2010;11;9;7;3;2446
12/09/2010;2010;12;9;1;3;2447
13/09/2010;2010;13;9;2;3;2448
14/09/2010;2010;14;9;3;3;2449
15/09/2010;2010;15;9;4;3;2450
16/09/2010;2010;16;9;5;3;2451
17/09/2010;2010;17;9;6;3;2452
18/09/2010;2010;18;9;7;3;2453
19/09/2010;2010;19;9;1;3;2454
20/09/2010;2010;20;9;2;3;2455
21/09/2010;2010;21;9;3;3;2456
22/09/2010;2010;22;9;4;3;2457
23/09/2010;2010;23;9;5;3;2458
24/09/2010;2010;24;9;6;3;2459
25/09/2010;2010;25;9;7;3;2460
26/09/2010;2010;26;9;1;3;2461
27/09/2010;2010;27;9;2;3;2462
28/09/2010;2010;28;9;3;3;2463
29/09/2010;2010;29;9;4;3;2464
30/09/2010;2010;30;9;5;3;2465
01/10/2010;2010;1;10;6;4;2466
02/10/2010;2010;2;10;7;4;2467
03/10/2010;2010;3;10;1;4;2468
04/10/2010;2010;4;10;2;4;2469
05/10/2010;2010;5;10;3;4;2470
06/10/2010;2010;6;10;4;4;2471
07/10/2010;2010;7;10;5;4;2472
08/10/2010;2010;8;10;6;4;2473
09/10/2010;2010;9;10;7;4;2474
10/10/2010;2010;10;10;1;4;2475
11/10/2010;2010;11;10;2;4;2476
12/10/2010;2010;12;10;3;4;2477
13/10/2010;2010;13;10;4;4;2478
14/10/2010;2010;14;10;5;4;2479
15/10/2010;2010;15;10;6;4;2480
16/10/2010;2010;16;10;7;4;2481
17/10/2010;2010;17;10;1;4;2482
18/10/2010;2010;18;10;2;4;2483
19/10/2010;2010;19;10;3;4;2484
20/10/2010;2010;20;10;4;4;2485
21/10/2010;2010;21;10;5;4;2486
22/10/2010;2010;22;10;6;4;2487
23/10/2010;2010;23;10;7;4;2488
24/10/2010;2010;24;10;1;4;2489
25/10/2010;2010;25;10;2;4;2490
26/10/2010;2010;26;10;3;4;2491
27/10/2010;2010;27;10;4;4;2492
28/10/2010;2010;28;10;5;4;2493
29/10/2010;2010;29;10;6;4;2494
30/10/2010;2010;30;10;7;4;2495
31/10/2010;2010;31;10;1;4;2496
01/11/2010;2010;1;11;2;4;2497
02/11/2010;2010;2;11;3;4;2498
03/11/2010;2010;3;11;4;4;2499
04/11/2010;2010;4;11;5;4;2500
05/11/2010;2010;5;11;6;4;2501
06/11/2010;2010;6;11;7;4;2502
07/11/2010;2010;7;11;1;4;2503
08/11/2010;2010;8;11;2;4;2504
09/11/2010;2010;9;11;3;4;2505
10/11/2010;2010;10;11;4;4;2506
11/11/2010;2010;11;11;5;4;2507
12/11/2010;2010;12;11;6;4;2508
13/11/2010;2010;13;11;7;4;2509
14/11/2010;2010;14;11;1;4;2510
15/11/2010;2010;15;11;2;4;2511
16/11/2010;2010;16;11;3;4;2512
17/11/2010;2010;17;11;4;4;2513
18/11/2010;2010;18;11;5;4;2514
19/11/2010;2010;19;11;6;4;2515
20/11/2010;2010;20;11;7;4;2516
21/11/2010;2010;21;11;1;4;2517
22/11/2010;2010;22;11;2;4;2518
23/11/2010;2010;23;11;3;4;2519
24/11/2010;2010;24;11;4;4;2520
25/11/2010;2010;25;11;5;4;2521
26/11/2010;2010;26;11;6;4;2522
27/11/2010;2010;27;11;7;4;2523
28/11/2010;2010;28;11;1;4;2524
29/11/2010;2010;29;11;2;4;2525
30/11/2010;2010;30;11;3;4;2526
01/12/2010;2010;1;12;4;4;2527
02/12/2010;2010;2;12;5;4;2528
03/12/2010;2010;3;12;6;4;2529
04/12/2010;2010;4;12;7;4;2530
05/12/2010;2010;5;12;1;4;2531
06/12/2010;2010;6;12;2;4;2532
07/12/2010;2010;7;12;3;4;2533
08/12/2010;2010;8;12;4;4;2534
09/12/2010;2010;9;12;5;4;2535
10/12/2010;2010;10;12;6;4;2536
11/12/2010;2010;11;12;7;4;2537
12/12/2010;2010;12;12;1;4;2538
13/12/2010;2010;13;12;2;4;2539
14/12/2010;2010;14;12;3;4;2540
15/12/2010;2010;15;12;4;4;2541
16/12/2010;2010;16;12;5;4;2542
17/12/2010;2010;17;12;6;4;2543
18/12/2010;2010;18;12;7;4;2544
19/12/2010;2010;19;12;1;4;2545
20/12/2010;2010;20;12;2;4;2546
21/12/2010;2010;21;12;3;4;2547
22/12/2010;2010;22;12;4;4;2548
23/12/2010;2010;23;12;5;4;2549
24/12/2010;2010;24;12;6;4;2550
25/12/2010;2010;25;12;7;4;2551
26/12/2010;2010;26;12;1;4;2552
27/12/2010;2010;27;12;2;4;2553
28/12/2010;2010;28;12;3;4;2554
29/12/2010;2010;29;12;4;4;2555
30/12/2010;2010;30;12;5;4;2556
31/12/2010;2010;31;12;6;4;2557
01/01/2011;2011;1;1;7;1;2558
02/01/2011;2011;2;1;1;1;2559
03/01/2011;2011;3;1;2;1;2560
04/01/2011;2011;4;1;3;1;2561
05/01/2011;2011;5;1;4;1;2562
06/01/2011;2011;6;1;5;1;2563
07/01/2011;2011;7;1;6;1;2564
08/01/2011;2011;8;1;7;1;2565
09/01/2011;2011;9;1;1;1;2566
10/01/2011;2011;10;1;2;1;2567
11/01/2011;2011;11;1;3;1;2568
12/01/2011;2011;12;1;4;1;2569
13/01/2011;2011;13;1;5;1;2570
14/01/2011;2011;14;1;6;1;2571
15/01/2011;2011;15;1;7;1;2572
16/01/2011;2011;16;1;1;1;2573
17/01/2011;2011;17;1;2;1;2574
18/01/2011;2011;18;1;3;1;2575
19/01/2011;2011;19;1;4;1;2576
20/01/2011;2011;20;1;5;1;2577
21/01/2011;2011;21;1;6;1;2578
22/01/2011;2011;22;1;7;1;2579
23/01/2011;2011;23;1;1;1;2580
24/01/2011;2011;24;1;2;1;2581
25/01/2011;2011;25;1;3;1;2582
26/01/2011;2011;26;1;4;1;2583
27/01/2011;2011;27;1;5;1;2584
28/01/2011;2011;28;1;6;1;2585
29/01/2011;2011;29;1;7;1;2586
30/01/2011;2011;30;1;1;1;2587
31/01/2011;2011;31;1;2;1;2588
01/02/2011;2011;1;2;3;1;2589
02/02/2011;2011;2;2;4;1;2590
03/02/2011;2011;3;2;5;1;2591
04/02/2011;2011;4;2;6;1;2592
05/02/2011;2011;5;2;7;1;2593
06/02/2011;2011;6;2;1;1;2594
07/02/2011;2011;7;2;2;1;2595
08/02/2011;2011;8;2;3;1;2596
09/02/2011;2011;9;2;4;1;2597
10/02/2011;2011;10;2;5;1;2598
11/02/2011;2011;11;2;6;1;2599
12/02/2011;2011;12;2;7;1;2600
13/02/2011;2011;13;2;1;1;2601
14/02/2011;2011;14;2;2;1;2602
15/02/2011;2011;15;2;3;1;2603
16/02/2011;2011;16;2;4;1;2604
17/02/2011;2011;17;2;5;1;2605
18/02/2011;2011;18;2;6;1;2606
19/02/2011;2011;19;2;7;1;2607
20/02/2011;2011;20;2;1;1;2608
21/02/2011;2011;21;2;2;1;2609
22/02/2011;2011;22;2;3;1;2610
23/02/2011;2011;23;2;4;1;2611
24/02/2011;2011;24;2;5;1;2612
25/02/2011;2011;25;2;6;1;2613
26/02/2011;2011;26;2;7;1;2614
27/02/2011;2011;27;2;1;1;2615
28/02/2011;2011;28;2;2;1;2616
01/03/2011;2011;1;3;3;1;2617
02/03/2011;2011;2;3;4;1;2618
03/03/2011;2011;3;3;5;1;2619
04/03/2011;2011;4;3;6;1;2620
05/03/2011;2011;5;3;7;1;2621
06/03/2011;2011;6;3;1;1;2622
07/03/2011;2011;7;3;2;1;2623
08/03/2011;2011;8;3;3;1;2624
09/03/2011;2011;9;3;4;1;2625
10/03/2011;2011;10;3;5;1;2626
11/03/2011;2011;11;3;6;1;2627
12/03/2011;2011;12;3;7;1;2628
13/03/2011;2011;13;3;1;1;2629
14/03/2011;2011;14;3;2;1;2630
15/03/2011;2011;15;3;3;1;2631
16/03/2011;2011;16;3;4;1;2632
17/03/2011;2011;17;3;5;1;2633
18/03/2011;2011;18;3;6;1;2634
19/03/2011;2011;19;3;7;1;2635
20/03/2011;2011;20;3;1;1;2636
21/03/2011;2011;21;3;2;1;2637
22/03/2011;2011;22;3;3;1;2638
23/03/2011;2011;23;3;4;1;2639
24/03/2011;2011;24;3;5;1;2640
25/03/2011;2011;25;3;6;1;2641
26/03/2011;2011;26;3;7;1;2642
27/03/2011;2011;27;3;1;1;2643
28/03/2011;2011;28;3;2;1;2644
29/03/2011;2011;29;3;3;1;2645
30/03/2011;2011;30;3;4;1;2646
31/03/2011;2011;31;3;5;1;2647
01/04/2011;2011;1;4;6;2;2648
02/04/2011;2011;2;4;7;2;2649
03/04/2011;2011;3;4;1;2;2650
04/04/2011;2011;4;4;2;2;2651
05/04/2011;2011;5;4;3;2;2652
06/04/2011;2011;6;4;4;2;2653
07/04/2011;2011;7;4;5;2;2654
08/04/2011;2011;8;4;6;2;2655
09/04/2011;2011;9;4;7;2;2656
10/04/2011;2011;10;4;1;2;2657
11/04/2011;2011;11;4;2;2;2658
12/04/2011;2011;12;4;3;2;2659
13/04/2011;2011;13;4;4;2;2660
14/04/2011;2011;14;4;5;2;2661
15/04/2011;2011;15;4;6;2;2662
16/04/2011;2011;16;4;7;2;2663
17/04/2011;2011;17;4;1;2;2664
18/04/2011;2011;18;4;2;2;2665
19/04/2011;2011;19;4;3;2;2666
20/04/2011;2011;20;4;4;2;2667
21/04/2011;2011;21;4;5;2;2668
22/04/2011;2011;22;4;6;2;2669
23/04/2011;2011;23;4;7;2;2670
24/04/2011;2011;24;4;1;2;2671
25/04/2011;2011;25;4;2;2;2672
26/04/2011;2011;26;4;3;2;2673
27/04/2011;2011;27;4;4;2;2674
28/04/2011;2011;28;4;5;2;2675
29/04/2011;2011;29;4;6;2;2676
30/04/2011;2011;30;4;7;2;2677
01/05/2011;2011;1;5;1;2;2678
02/05/2011;2011;2;5;2;2;2679
03/05/2011;2011;3;5;3;2;2680
04/05/2011;2011;4;5;4;2;2681
05/05/2011;2011;5;5;5;2;2682
06/05/2011;2011;6;5;6;2;2683
07/05/2011;2011;7;5;7;2;2684
08/05/2011;2011;8;5;1;2;2685
09/05/2011;2011;9;5;2;2;2686
10/05/2011;2011;10;5;3;2;2687
11/05/2011;2011;11;5;4;2;2688
12/05/2011;2011;12;5;5;2;2689
13/05/2011;2011;13;5;6;2;2690
14/05/2011;2011;14;5;7;2;2691
15/05/2011;2011;15;5;1;2;2692
16/05/2011;2011;16;5;2;2;2693
17/05/2011;2011;17;5;3;2;2694
18/05/2011;2011;18;5;4;2;2695
19/05/2011;2011;19;5;5;2;2696
20/05/2011;2011;20;5;6;2;2697
21/05/2011;2011;21;5;7;2;2698
22/05/2011;2011;22;5;1;2;2699
23/05/2011;2011;23;5;2;2;2700
24/05/2011;2011;24;5;3;2;2701
25/05/2011;2011;25;5;4;2;2702
26/05/2011;2011;26;5;5;2;2703
27/05/2011;2011;27;5;6;2;2704
28/05/2011;2011;28;5;7;2;2705
29/05/2011;2011;29;5;1;2;2706
30/05/2011;2011;30;5;2;2;2707
31/05/2011;2011;31;5;3;2;2708
01/06/2011;2011;1;6;4;2;2709
02/06/2011;2011;2;6;5;2;2710
03/06/2011;2011;3;6;6;2;2711
04/06/2011;2011;4;6;7;2;2712
05/06/2011;2011;5;6;1;2;2713
06/06/2011;2011;6;6;2;2;2714
07/06/2011;2011;7;6;3;2;2715
08/06/2011;2011;8;6;4;2;2716
09/06/2011;2011;9;6;5;2;2717
10/06/2011;2011;10;6;6;2;2718
11/06/2011;2011;11;6;7;2;2719
12/06/2011;2011;12;6;1;2;2720
13/06/2011;2011;13;6;2;2;2721
14/06/2011;2011;14;6;3;2;2722
15/06/2011;2011;15;6;4;2;2723
16/06/2011;2011;16;6;5;2;2724
17/06/2011;2011;17;6;6;2;2725
18/06/2011;2011;18;6;7;2;2726
19/06/2011;2011;19;6;1;2;2727
20/06/2011;2011;20;6;2;2;2728
21/06/2011;2011;21;6;3;2;2729
22/06/2011;2011;22;6;4;2;2730
23/06/2011;2011;23;6;5;2;2731
24/06/2011;2011;24;6;6;2;2732
25/06/2011;2011;25;6;7;2;2733
26/06/2011;2011;26;6;1;2;2734
27/06/2011;2011;27;6;2;2;2735
28/06/2011;2011;28;6;3;2;2736
29/06/2011;2011;29;6;4;2;2737
30/06/2011;2011;30;6;5;2;2738
01/07/2011;2011;1;7;6;3;2739
02/07/2011;2011;2;7;7;3;2740
03/07/2011;2011;3;7;1;3;2741
04/07/2011;2011;4;7;2;3;2742
05/07/2011;2011;5;7;3;3;2743
06/07/2011;2011;6;7;4;3;2744
07/07/2011;2011;7;7;5;3;2745
08/07/2011;2011;8;7;6;3;2746
09/07/2011;2011;9;7;7;3;2747
10/07/2011;2011;10;7;1;3;2748
11/07/2011;2011;11;7;2;3;2749
12/07/2011;2011;12;7;3;3;2750
13/07/2011;2011;13;7;4;3;2751
14/07/2011;2011;14;7;5;3;2752
15/07/2011;2011;15;7;6;3;2753
16/07/2011;2011;16;7;7;3;2754
17/07/2011;2011;17;7;1;3;2755
18/07/2011;2011;18;7;2;3;2756
19/07/2011;2011;19;7;3;3;2757
20/07/2011;2011;20;7;4;3;2758
21/07/2011;2011;21;7;5;3;2759
22/07/2011;2011;22;7;6;3;2760
23/07/2011;2011;23;7;7;3;2761
24/07/2011;2011;24;7;1;3;2762
25/07/2011;2011;25;7;2;3;2763
26/07/2011;2011;26;7;3;3;2764
27/07/2011;2011;27;7;4;3;2765
28/07/2011;2011;28;7;5;3;2766
29/07/2011;2011;29;7;6;3;2767
30/07/2011;2011;30;7;7;3;2768
31/07/2011;2011;31;7;1;3;2769
01/08/2011;2011;1;8;2;3;2770
02/08/2011;2011;2;8;3;3;2771
03/08/2011;2011;3;8;4;3;2772
04/08/2011;2011;4;8;5;3;2773
05/08/2011;2011;5;8;6;3;2774
06/08/2011;2011;6;8;7;3;2775
07/08/2011;2011;7;8;1;3;2776
08/08/2011;2011;8;8;2;3;2777
09/08/2011;2011;9;8;3;3;2778
10/08/2011;2011;10;8;4;3;2779
11/08/2011;2011;11;8;5;3;2780
12/08/2011;2011;12;8;6;3;2781
13/08/2011;2011;13;8;7;3;2782
14/08/2011;2011;14;8;1;3;2783
15/08/2011;2011;15;8;2;3;2784
16/08/2011;2011;16;8;3;3;2785
17/08/2011;2011;17;8;4;3;2786
18/08/2011;2011;18;8;5;3;2787
19/08/2011;2011;19;8;6;3;2788
20/08/2011;2011;20;8;7;3;2789
21/08/2011;2011;21;8;1;3;2790
22/08/2011;2011;22;8;2;3;2791
23/08/2011;2011;23;8;3;3;2792
24/08/2011;2011;24;8;4;3;2793
25/08/2011;2011;25;8;5;3;2794
26/08/2011;2011;26;8;6;3;2795
27/08/2011;2011;27;8;7;3;2796
28/08/2011;2011;28;8;1;3;2797
29/08/2011;2011;29;8;2;3;2798
30/08/2011;2011;30;8;3;3;2799
31/08/2011;2011;31;8;4;3;2800
01/09/2011;2011;1;9;5;3;2801
02/09/2011;2011;2;9;6;3;2802
03/09/2011;2011;3;9;7;3;2803
04/09/2011;2011;4;9;1;3;2804
05/09/2011;2011;5;9;2;3;2805
06/09/2011;2011;6;9;3;3;2806
07/09/2011;2011;7;9;4;3;2807
08/09/2011;2011;8;9;5;3;2808
09/09/2011;2011;9;9;6;3;2809
10/09/2011;2011;10;9;7;3;2810
11/09/2011;2011;11;9;1;3;2811
12/09/2011;2011;12;9;2;3;2812
13/09/2011;2011;13;9;3;3;2813
14/09/2011;2011;14;9;4;3;2814
15/09/2011;2011;15;9;5;3;2815
16/09/2011;2011;16;9;6;3;2816
17/09/2011;2011;17;9;7;3;2817
18/09/2011;2011;18;9;1;3;2818
19/09/2011;2011;19;9;2;3;2819
20/09/2011;2011;20;9;3;3;2820
21/09/2011;2011;21;9;4;3;2821
22/09/2011;2011;22;9;5;3;2822
23/09/2011;2011;23;9;6;3;2823
24/09/2011;2011;24;9;7;3;2824
25/09/2011;2011;25;9;1;3;2825
26/09/2011;2011;26;9;2;3;2826
27/09/2011;2011;27;9;3;3;2827
28/09/2011;2011;28;9;4;3;2828
29/09/2011;2011;29;9;5;3;2829
30/09/2011;2011;30;9;6;3;2830
01/10/2011;2011;1;10;7;4;2831
02/10/2011;2011;2;10;1;4;2832
03/10/2011;2011;3;10;2;4;2833
04/10/2011;2011;4;10;3;4;2834
05/10/2011;2011;5;10;4;4;2835
06/10/2011;2011;6;10;5;4;2836
07/10/2011;2011;7;10;6;4;2837
08/10/2011;2011;8;10;7;4;2838
09/10/2011;2011;9;10;1;4;2839
10/10/2011;2011;10;10;2;4;2840
11/10/2011;2011;11;10;3;4;2841
12/10/2011;2011;12;10;4;4;2842
13/10/2011;2011;13;10;5;4;2843
14/10/2011;2011;14;10;6;4;2844
15/10/2011;2011;15;10;7;4;2845
16/10/2011;2011;16;10;1;4;2846
17/10/2011;2011;17;10;2;4;2847
18/10/2011;2011;18;10;3;4;2848
19/10/2011;2011;19;10;4;4;2849
20/10/2011;2011;20;10;5;4;2850
21/10/2011;2011;21;10;6;4;2851
22/10/2011;2011;22;10;7;4;2852
23/10/2011;2011;23;10;1;4;2853
24/10/2011;2011;24;10;2;4;2854
25/10/2011;2011;25;10;3;4;2855
26/10/2011;2011;26;10;4;4;2856
27/10/2011;2011;27;10;5;4;2857
28/10/2011;2011;28;10;6;4;2858
29/10/2011;2011;29;10;7;4;2859
30/10/2011;2011;30;10;1;4;2860
31/10/2011;2011;31;10;2;4;2861
01/11/2011;2011;1;11;3;4;2862
02/11/2011;2011;2;11;4;4;2863
03/11/2011;2011;3;11;5;4;2864
04/11/2011;2011;4;11;6;4;2865
05/11/2011;2011;5;11;7;4;2866
06/11/2011;2011;6;11;1;4;2867
07/11/2011;2011;7;11;2;4;2868
08/11/2011;2011;8;11;3;4;2869
09/11/2011;2011;9;11;4;4;2870
10/11/2011;2011;10;11;5;4;2871
11/11/2011;2011;11;11;6;4;2872
12/11/2011;2011;12;11;7;4;2873
13/11/2011;2011;13;11;1;4;2874
14/11/2011;2011;14;11;2;4;2875
15/11/2011;2011;15;11;3;4;2876
16/11/2011;2011;16;11;4;4;2877
17/11/2011;2011;17;11;5;4;2878
18/11/2011;2011;18;11;6;4;2879
19/11/2011;2011;19;11;7;4;2880
20/11/2011;2011;20;11;1;4;2881
21/11/2011;2011;21;11;2;4;2882
22/11/2011;2011;22;11;3;4;2883
23/11/2011;2011;23;11;4;4;2884
24/11/2011;2011;24;11;5;4;2885
25/11/2011;2011;25;11;6;4;2886
26/11/2011;2011;26;11;7;4;2887
27/11/2011;2011;27;11;1;4;2888
28/11/2011;2011;28;11;2;4;2889
29/11/2011;2011;29;11;3;4;2890
30/11/2011;2011;30;11;4;4;2891
01/12/2011;2011;1;12;5;4;2892
02/12/2011;2011;2;12;6;4;2893
03/12/2011;2011;3;12;7;4;2894
04/12/2011;2011;4;12;1;4;2895
05/12/2011;2011;5;12;2;4;2896
06/12/2011;2011;6;12;3;4;2897
07/12/2011;2011;7;12;4;4;2898
08/12/2011;2011;8;12;5;4;2899
09/12/2011;2011;9;12;6;4;2900
10/12/2011;2011;10;12;7;4;2901
11/12/2011;2011;11;12;1;4;2902
12/12/2011;2011;12;12;2;4;2903
13/12/2011;2011;13;12;3;4;2904
14/12/2011;2011;14;12;4;4;2905
15/12/2011;2011;15;12;5;4;2906
16/12/2011;2011;16;12;6;4;2907
17/12/2011;2011;17;12;7;4;2908
18/12/2011;2011;18;12;1;4;2909
19/12/2011;2011;19;12;2;4;2910
20/12/2011;2011;20;12;3;4;2911
21/12/2011;2011;21;12;4;4;2912
22/12/2011;2011;22;12;5;4;2913
23/12/2011;2011;23;12;6;4;2914
24/12/2011;2011;24;12;7;4;2915
25/12/2011;2011;25;12;1;4;2916
26/12/2011;2011;26;12;2;4;2917
27/12/2011;2011;27;12;3;4;2918
28/12/2011;2011;28;12;4;4;2919
29/12/2011;2011;29;12;5;4;2920
30/12/2011;2011;30;12;6;4;2921
31/12/2011;2011;31;12;7;4;2922
01/01/2012;2012;1;1;1;1;2923
02/01/2012;2012;2;1;2;1;2924
03/01/2012;2012;3;1;3;1;2925
04/01/2012;2012;4;1;4;1;2926
05/01/2012;2012;5;1;5;1;2927
06/01/2012;2012;6;1;6;1;2928
07/01/2012;2012;7;1;7;1;2929
08/01/2012;2012;8;1;1;1;2930
09/01/2012;2012;9;1;2;1;2931
10/01/2012;2012;10;1;3;1;2932
11/01/2012;2012;11;1;4;1;2933
12/01/2012;2012;12;1;5;1;2934
13/01/2012;2012;13;1;6;1;2935
14/01/2012;2012;14;1;7;1;2936
15/01/2012;2012;15;1;1;1;2937
16/01/2012;2012;16;1;2;1;2938
17/01/2012;2012;17;1;3;1;2939
18/01/2012;2012;18;1;4;1;2940
19/01/2012;2012;19;1;5;1;2941
20/01/2012;2012;20;1;6;1;2942
21/01/2012;2012;21;1;7;1;2943
22/01/2012;2012;22;1;1;1;2944
23/01/2012;2012;23;1;2;1;2945
24/01/2012;2012;24;1;3;1;2946
25/01/2012;2012;25;1;4;1;2947
26/01/2012;2012;26;1;5;1;2948
27/01/2012;2012;27;1;6;1;2949
28/01/2012;2012;28;1;7;1;2950
29/01/2012;2012;29;1;1;1;2951
30/01/2012;2012;30;1;2;1;2952
31/01/2012;2012;31;1;3;1;2953
01/02/2012;2012;1;2;4;1;2954
02/02/2012;2012;2;2;5;1;2955
03/02/2012;2012;3;2;6;1;2956
04/02/2012;2012;4;2;7;1;2957
05/02/2012;2012;5;2;1;1;2958
06/02/2012;2012;6;2;2;1;2959
07/02/2012;2012;7;2;3;1;2960
08/02/2012;2012;8;2;4;1;2961
09/02/2012;2012;9;2;5;1;2962
10/02/2012;2012;10;2;6;1;2963
11/02/2012;2012;11;2;7;1;2964
12/02/2012;2012;12;2;1;1;2965
13/02/2012;2012;13;2;2;1;2966
14/02/2012;2012;14;2;3;1;2967
15/02/2012;2012;15;2;4;1;2968
16/02/2012;2012;16;2;5;1;2969
17/02/2012;2012;17;2;6;1;2970
18/02/2012;2012;18;2;7;1;2971
19/02/2012;2012;19;2;1;1;2972
20/02/2012;2012;20;2;2;1;2973
21/02/2012;2012;21;2;3;1;2974
22/02/2012;2012;22;2;4;1;2975
23/02/2012;2012;23;2;5;1;2976
24/02/2012;2012;24;2;6;1;2977
25/02/2012;2012;25;2;7;1;2978
26/02/2012;2012;26;2;1;1;2979
27/02/2012;2012;27;2;2;1;2980
28/02/2012;2012;28;2;3;1;2981
29/02/2012;2012;29;2;4;1;2982
01/03/2012;2012;1;3;5;1;2983
02/03/2012;2012;2;3;6;1;2984
03/03/2012;2012;3;3;7;1;2985
04/03/2012;2012;4;3;1;1;2986
05/03/2012;2012;5;3;2;1;2987
06/03/2012;2012;6;3;3;1;2988
07/03/2012;2012;7;3;4;1;2989
08/03/2012;2012;8;3;5;1;2990
09/03/2012;2012;9;3;6;1;2991
10/03/2012;2012;10;3;7;1;2992
11/03/2012;2012;11;3;1;1;2993
12/03/2012;2012;12;3;2;1;2994
13/03/2012;2012;13;3;3;1;2995
14/03/2012;2012;14;3;4;1;2996
15/03/2012;2012;15;3;5;1;2997
16/03/2012;2012;16;3;6;1;2998
17/03/2012;2012;17;3;7;1;2999
18/03/2012;2012;18;3;1;1;3000
19/03/2012;2012;19;3;2;1;3001
20/03/2012;2012;20;3;3;1;3002
21/03/2012;2012;21;3;4;1;3003
22/03/2012;2012;22;3;5;1;3004
23/03/2012;2012;23;3;6;1;3005
24/03/2012;2012;24;3;7;1;3006
25/03/2012;2012;25;3;1;1;3007
26/03/2012;2012;26;3;2;1;3008
27/03/2012;2012;27;3;3;1;3009
28/03/2012;2012;28;3;4;1;3010
29/03/2012;2012;29;3;5;1;3011
30/03/2012;2012;30;3;6;1;3012
31/03/2012;2012;31;3;7;1;3013
01/04/2012;2012;1;4;1;2;3014
02/04/2012;2012;2;4;2;2;3015
03/04/2012;2012;3;4;3;2;3016
04/04/2012;2012;4;4;4;2;3017
05/04/2012;2012;5;4;5;2;3018
06/04/2012;2012;6;4;6;2;3019
07/04/2012;2012;7;4;7;2;3020
08/04/2012;2012;8;4;1;2;3021
09/04/2012;2012;9;4;2;2;3022
10/04/2012;2012;10;4;3;2;3023
11/04/2012;2012;11;4;4;2;3024
12/04/2012;2012;12;4;5;2;3025
13/04/2012;2012;13;4;6;2;3026
14/04/2012;2012;14;4;7;2;3027
15/04/2012;2012;15;4;1;2;3028
16/04/2012;2012;16;4;2;2;3029
17/04/2012;2012;17;4;3;2;3030
18/04/2012;2012;18;4;4;2;3031
19/04/2012;2012;19;4;5;2;3032
20/04/2012;2012;20;4;6;2;3033
21/04/2012;2012;21;4;7;2;3034
22/04/2012;2012;22;4;1;2;3035
23/04/2012;2012;23;4;2;2;3036
24/04/2012;2012;24;4;3;2;3037
25/04/2012;2012;25;4;4;2;3038
26/04/2012;2012;26;4;5;2;3039
27/04/2012;2012;27;4;6;2;3040
28/04/2012;2012;28;4;7;2;3041
29/04/2012;2012;29;4;1;2;3042
30/04/2012;2012;30;4;2;2;3043
01/05/2012;2012;1;5;3;2;3044
02/05/2012;2012;2;5;4;2;3045
03/05/2012;2012;3;5;5;2;3046
04/05/2012;2012;4;5;6;2;3047
05/05/2012;2012;5;5;7;2;3048
06/05/2012;2012;6;5;1;2;3049
07/05/2012;2012;7;5;2;2;3050
08/05/2012;2012;8;5;3;2;3051
09/05/2012;2012;9;5;4;2;3052
10/05/2012;2012;10;5;5;2;3053
11/05/2012;2012;11;5;6;2;3054
12/05/2012;2012;12;5;7;2;3055
13/05/2012;2012;13;5;1;2;3056
14/05/2012;2012;14;5;2;2;3057
15/05/2012;2012;15;5;3;2;3058
16/05/2012;2012;16;5;4;2;3059
17/05/2012;2012;17;5;5;2;3060
18/05/2012;2012;18;5;6;2;3061
19/05/2012;2012;19;5;7;2;3062
20/05/2012;2012;20;5;1;2;3063
21/05/2012;2012;21;5;2;2;3064
22/05/2012;2012;22;5;3;2;3065
23/05/2012;2012;23;5;4;2;3066
24/05/2012;2012;24;5;5;2;3067
25/05/2012;2012;25;5;6;2;3068
26/05/2012;2012;26;5;7;2;3069
27/05/2012;2012;27;5;1;2;3070
28/05/2012;2012;28;5;2;2;3071
29/05/2012;2012;29;5;3;2;3072
30/05/2012;2012;30;5;4;2;3073
31/05/2012;2012;31;5;5;2;3074
01/06/2012;2012;1;6;6;2;3075
02/06/2012;2012;2;6;7;2;3076
03/06/2012;2012;3;6;1;2;3077
04/06/2012;2012;4;6;2;2;3078
05/06/2012;2012;5;6;3;2;3079
06/06/2012;2012;6;6;4;2;3080
07/06/2012;2012;7;6;5;2;3081
08/06/2012;2012;8;6;6;2;3082
09/06/2012;2012;9;6;7;2;3083
10/06/2012;2012;10;6;1;2;3084
11/06/2012;2012;11;6;2;2;3085
12/06/2012;2012;12;6;3;2;3086
13/06/2012;2012;13;6;4;2;3087
14/06/2012;2012;14;6;5;2;3088
15/06/2012;2012;15;6;6;2;3089
16/06/2012;2012;16;6;7;2;3090
17/06/2012;2012;17;6;1;2;3091
18/06/2012;2012;18;6;2;2;3092
19/06/2012;2012;19;6;3;2;3093
20/06/2012;2012;20;6;4;2;3094
21/06/2012;2012;21;6;5;2;3095
22/06/2012;2012;22;6;6;2;3096
23/06/2012;2012;23;6;7;2;3097
24/06/2012;2012;24;6;1;2;3098
25/06/2012;2012;25;6;2;2;3099
26/06/2012;2012;26;6;3;2;3100
27/06/2012;2012;27;6;4;2;3101
28/06/2012;2012;28;6;5;2;3102
29/06/2012;2012;29;6;6;2;3103
30/06/2012;2012;30;6;7;2;3104
01/07/2012;2012;1;7;1;3;3105
02/07/2012;2012;2;7;2;3;3106
03/07/2012;2012;3;7;3;3;3107
04/07/2012;2012;4;7;4;3;3108
05/07/2012;2012;5;7;5;3;3109
06/07/2012;2012;6;7;6;3;3110
07/07/2012;2012;7;7;7;3;3111
08/07/2012;2012;8;7;1;3;3112
09/07/2012;2012;9;7;2;3;3113
10/07/2012;2012;10;7;3;3;3114
11/07/2012;2012;11;7;4;3;3115
12/07/2012;2012;12;7;5;3;3116
13/07/2012;2012;13;7;6;3;3117
14/07/2012;2012;14;7;7;3;3118
15/07/2012;2012;15;7;1;3;3119
16/07/2012;2012;16;7;2;3;3120
17/07/2012;2012;17;7;3;3;3121
18/07/2012;2012;18;7;4;3;3122
19/07/2012;2012;19;7;5;3;3123
20/07/2012;2012;20;7;6;3;3124
21/07/2012;2012;21;7;7;3;3125
22/07/2012;2012;22;7;1;3;3126
23/07/2012;2012;23;7;2;3;3127
24/07/2012;2012;24;7;3;3;3128
25/07/2012;2012;25;7;4;3;3129
26/07/2012;2012;26;7;5;3;3130
27/07/2012;2012;27;7;6;3;3131
28/07/2012;2012;28;7;7;3;3132
29/07/2012;2012;29;7;1;3;3133
30/07/2012;2012;30;7;2;3;3134
31/07/2012;2012;31;7;3;3;3135
01/08/2012;2012;1;8;4;3;3136
02/08/2012;2012;2;8;5;3;3137
03/08/2012;2012;3;8;6;3;3138
04/08/2012;2012;4;8;7;3;3139
05/08/2012;2012;5;8;1;3;3140
06/08/2012;2012;6;8;2;3;3141
07/08/2012;2012;7;8;3;3;3142
08/08/2012;2012;8;8;4;3;3143
09/08/2012;2012;9;8;5;3;3144
10/08/2012;2012;10;8;6;3;3145
11/08/2012;2012;11;8;7;3;3146
12/08/2012;2012;12;8;1;3;3147
13/08/2012;2012;13;8;2;3;3148
14/08/2012;2012;14;8;3;3;3149
15/08/2012;2012;15;8;4;3;3150
16/08/2012;2012;16;8;5;3;3151
17/08/2012;2012;17;8;6;3;3152
18/08/2012;2012;18;8;7;3;3153
19/08/2012;2012;19;8;1;3;3154
20/08/2012;2012;20;8;2;3;3155
21/08/2012;2012;21;8;3;3;3156
22/08/2012;2012;22;8;4;3;3157
23/08/2012;2012;23;8;5;3;3158
24/08/2012;2012;24;8;6;3;3159
25/08/2012;2012;25;8;7;3;3160
26/08/2012;2012;26;8;1;3;3161
27/08/2012;2012;27;8;2;3;3162
28/08/2012;2012;28;8;3;3;3163
29/08/2012;2012;29;8;4;3;3164
30/08/2012;2012;30;8;5;3;3165
31/08/2012;2012;31;8;6;3;3166
01/09/2012;2012;1;9;7;3;3167
02/09/2012;2012;2;9;1;3;3168
03/09/2012;2012;3;9;2;3;3169
04/09/2012;2012;4;9;3;3;3170
05/09/2012;2012;5;9;4;3;3171
06/09/2012;2012;6;9;5;3;3172
07/09/2012;2012;7;9;6;3;3173
08/09/2012;2012;8;9;7;3;3174
09/09/2012;2012;9;9;1;3;3175
10/09/2012;2012;10;9;2;3;3176
11/09/2012;2012;11;9;3;3;3177
12/09/2012;2012;12;9;4;3;3178
13/09/2012;2012;13;9;5;3;3179
14/09/2012;2012;14;9;6;3;3180
15/09/2012;2012;15;9;7;3;3181
16/09/2012;2012;16;9;1;3;3182
17/09/2012;2012;17;9;2;3;3183
18/09/2012;2012;18;9;3;3;3184
19/09/2012;2012;19;9;4;3;3185
20/09/2012;2012;20;9;5;3;3186
21/09/2012;2012;21;9;6;3;3187
22/09/2012;2012;22;9;7;3;3188
23/09/2012;2012;23;9;1;3;3189
24/09/2012;2012;24;9;2;3;3190
25/09/2012;2012;25;9;3;3;3191
26/09/2012;2012;26;9;4;3;3192
27/09/2012;2012;27;9;5;3;3193
28/09/2012;2012;28;9;6;3;3194
29/09/2012;2012;29;9;7;3;3195
30/09/2012;2012;30;9;1;3;3196
01/10/2012;2012;1;10;2;4;3197
02/10/2012;2012;2;10;3;4;3198
03/10/2012;2012;3;10;4;4;3199
04/10/2012;2012;4;10;5;4;3200
05/10/2012;2012;5;10;6;4;3201
06/10/2012;2012;6;10;7;4;3202
07/10/2012;2012;7;10;1;4;3203
08/10/2012;2012;8;10;2;4;3204
09/10/2012;2012;9;10;3;4;3205
10/10/2012;2012;10;10;4;4;3206
11/10/2012;2012;11;10;5;4;3207
12/10/2012;2012;12;10;6;4;3208
13/10/2012;2012;13;10;7;4;3209
14/10/2012;2012;14;10;1;4;3210
15/10/2012;2012;15;10;2;4;3211
16/10/2012;2012;16;10;3;4;3212
17/10/2012;2012;17;10;4;4;3213
18/10/2012;2012;18;10;5;4;3214
19/10/2012;2012;19;10;6;4;3215
20/10/2012;2012;20;10;7;4;3216
21/10/2012;2012;21;10;1;4;3217
22/10/2012;2012;22;10;2;4;3218
23/10/2012;2012;23;10;3;4;3219
24/10/2012;2012;24;10;4;4;3220
25/10/2012;2012;25;10;5;4;3221
26/10/2012;2012;26;10;6;4;3222
27/10/2012;2012;27;10;7;4;3223
28/10/2012;2012;28;10;1;4;3224
29/10/2012;2012;29;10;2;4;3225
30/10/2012;2012;30;10;3;4;3226
31/10/2012;2012;31;10;4;4;3227
01/11/2012;2012;1;11;5;4;3228
02/11/2012;2012;2;11;6;4;3229
03/11/2012;2012;3;11;7;4;3230
04/11/2012;2012;4;11;1;4;3231
05/11/2012;2012;5;11;2;4;3232
06/11/2012;2012;6;11;3;4;3233
07/11/2012;2012;7;11;4;4;3234
08/11/2012;2012;8;11;5;4;3235
09/11/2012;2012;9;11;6;4;3236
10/11/2012;2012;10;11;7;4;3237
11/11/2012;2012;11;11;1;4;3238
12/11/2012;2012;12;11;2;4;3239
13/11/2012;2012;13;11;3;4;3240
14/11/2012;2012;14;11;4;4;3241
15/11/2012;2012;15;11;5;4;3242
16/11/2012;2012;16;11;6;4;3243
17/11/2012;2012;17;11;7;4;3244
18/11/2012;2012;18;11;1;4;3245
19/11/2012;2012;19;11;2;4;3246
20/11/2012;2012;20;11;3;4;3247
21/11/2012;2012;21;11;4;4;3248
22/11/2012;2012;22;11;5;4;3249
23/11/2012;2012;23;11;6;4;3250
24/11/2012;2012;24;11;7;4;3251
25/11/2012;2012;25;11;1;4;3252
26/11/2012;2012;26;11;2;4;3253
27/11/2012;2012;27;11;3;4;3254
28/11/2012;2012;28;11;4;4;3255
29/11/2012;2012;29;11;5;4;3256
30/11/2012;2012;30;11;6;4;3257
01/12/2012;2012;1;12;7;4;3258
02/12/2012;2012;2;12;1;4;3259
03/12/2012;2012;3;12;2;4;3260
04/12/2012;2012;4;12;3;4;3261
05/12/2012;2012;5;12;4;4;3262
06/12/2012;2012;6;12;5;4;3263
07/12/2012;2012;7;12;6;4;3264
08/12/2012;2012;8;12;7;4;3265
09/12/2012;2012;9;12;1;4;3266
10/12/2012;2012;10;12;2;4;3267
11/12/2012;2012;11;12;3;4;3268
12/12/2012;2012;12;12;4;4;3269
13/12/2012;2012;13;12;5;4;3270
14/12/2012;2012;14;12;6;4;3271
15/12/2012;2012;15;12;7;4;3272
16/12/2012;2012;16;12;1;4;3273
17/12/2012;2012;17;12;2;4;3274
18/12/2012;2012;18;12;3;4;3275
19/12/2012;2012;19;12;4;4;3276
20/12/2012;2012;20;12;5;4;3277
21/12/2012;2012;21;12;6;4;3278
22/12/2012;2012;22;12;7;4;3279
23/12/2012;2012;23;12;1;4;3280
24/12/2012;2012;24;12;2;4;3281
25/12/2012;2012;25;12;3;4;3282
26/12/2012;2012;26;12;4;4;3283
27/12/2012;2012;27;12;5;4;3284
28/12/2012;2012;28;12;6;4;3285
29/12/2012;2012;29;12;7;4;3286
30/12/2012;2012;30;12;1;4;3287
31/12/2012;2012;31;12;2;4;3288
01/01/2013;2013;1;1;3;1;3289
02/01/2013;2013;2;1;4;1;3290
03/01/2013;2013;3;1;5;1;3291
04/01/2013;2013;4;1;6;1;3292
05/01/2013;2013;5;1;7;1;3293
06/01/2013;2013;6;1;1;1;3294
07/01/2013;2013;7;1;2;1;3295
08/01/2013;2013;8;1;3;1;3296
09/01/2013;2013;9;1;4;1;3297
10/01/2013;2013;10;1;5;1;3298
11/01/2013;2013;11;1;6;1;3299
12/01/2013;2013;12;1;7;1;3300
13/01/2013;2013;13;1;1;1;3301
14/01/2013;2013;14;1;2;1;3302
15/01/2013;2013;15;1;3;1;3303
16/01/2013;2013;16;1;4;1;3304
17/01/2013;2013;17;1;5;1;3305
18/01/2013;2013;18;1;6;1;3306
19/01/2013;2013;19;1;7;1;3307
20/01/2013;2013;20;1;1;1;3308
21/01/2013;2013;21;1;2;1;3309
22/01/2013;2013;22;1;3;1;3310
23/01/2013;2013;23;1;4;1;3311
24/01/2013;2013;24;1;5;1;3312
25/01/2013;2013;25;1;6;1;3313
26/01/2013;2013;26;1;7;1;3314
27/01/2013;2013;27;1;1;1;3315
28/01/2013;2013;28;1;2;1;3316
29/01/2013;2013;29;1;3;1;3317
30/01/2013;2013;30;1;4;1;3318
31/01/2013;2013;31;1;5;1;3319
01/02/2013;2013;1;2;6;1;3320
02/02/2013;2013;2;2;7;1;3321
03/02/2013;2013;3;2;1;1;3322
04/02/2013;2013;4;2;2;1;3323
05/02/2013;2013;5;2;3;1;3324
06/02/2013;2013;6;2;4;1;3325
07/02/2013;2013;7;2;5;1;3326
08/02/2013;2013;8;2;6;1;3327
09/02/2013;2013;9;2;7;1;3328
10/02/2013;2013;10;2;1;1;3329
11/02/2013;2013;11;2;2;1;3330
12/02/2013;2013;12;2;3;1;3331
13/02/2013;2013;13;2;4;1;3332
14/02/2013;2013;14;2;5;1;3333
15/02/2013;2013;15;2;6;1;3334
16/02/2013;2013;16;2;7;1;3335
17/02/2013;2013;17;2;1;1;3336
18/02/2013;2013;18;2;2;1;3337
19/02/2013;2013;19;2;3;1;3338
20/02/2013;2013;20;2;4;1;3339
21/02/2013;2013;21;2;5;1;3340
22/02/2013;2013;22;2;6;1;3341
23/02/2013;2013;23;2;7;1;3342
24/02/2013;2013;24;2;1;1;3343
25/02/2013;2013;25;2;2;1;3344
26/02/2013;2013;26;2;3;1;3345
27/02/2013;2013;27;2;4;1;3346
28/02/2013;2013;28;2;5;1;3347
01/03/2013;2013;1;3;6;1;3348
02/03/2013;2013;2;3;7;1;3349
03/03/2013;2013;3;3;1;1;3350
04/03/2013;2013;4;3;2;1;3351
05/03/2013;2013;5;3;3;1;3352
06/03/2013;2013;6;3;4;1;3353
07/03/2013;2013;7;3;5;1;3354
08/03/2013;2013;8;3;6;1;3355
09/03/2013;2013;9;3;7;1;3356
10/03/2013;2013;10;3;1;1;3357
11/03/2013;2013;11;3;2;1;3358
12/03/2013;2013;12;3;3;1;3359
13/03/2013;2013;13;3;4;1;3360
14/03/2013;2013;14;3;5;1;3361
15/03/2013;2013;15;3;6;1;3362
16/03/2013;2013;16;3;7;1;3363
17/03/2013;2013;17;3;1;1;3364
18/03/2013;2013;18;3;2;1;3365
19/03/2013;2013;19;3;3;1;3366
20/03/2013;2013;20;3;4;1;3367
21/03/2013;2013;21;3;5;1;3368
22/03/2013;2013;22;3;6;1;3369
23/03/2013;2013;23;3;7;1;3370
24/03/2013;2013;24;3;1;1;3371
25/03/2013;2013;25;3;2;1;3372
26/03/2013;2013;26;3;3;1;3373
27/03/2013;2013;27;3;4;1;3374
28/03/2013;2013;28;3;5;1;3375
29/03/2013;2013;29;3;6;1;3376
30/03/2013;2013;30;3;7;1;3377
31/03/2013;2013;31;3;1;1;3378
01/04/2013;2013;1;4;2;2;3379
02/04/2013;2013;2;4;3;2;3380
03/04/2013;2013;3;4;4;2;3381
04/04/2013;2013;4;4;5;2;3382
05/04/2013;2013;5;4;6;2;3383
06/04/2013;2013;6;4;7;2;3384
07/04/2013;2013;7;4;1;2;3385
08/04/2013;2013;8;4;2;2;3386
09/04/2013;2013;9;4;3;2;3387
10/04/2013;2013;10;4;4;2;3388
11/04/2013;2013;11;4;5;2;3389
12/04/2013;2013;12;4;6;2;3390
13/04/2013;2013;13;4;7;2;3391
14/04/2013;2013;14;4;1;2;3392
15/04/2013;2013;15;4;2;2;3393
16/04/2013;2013;16;4;3;2;3394
17/04/2013;2013;17;4;4;2;3395
18/04/2013;2013;18;4;5;2;3396
19/04/2013;2013;19;4;6;2;3397
20/04/2013;2013;20;4;7;2;3398
21/04/2013;2013;21;4;1;2;3399
22/04/2013;2013;22;4;2;2;3400
23/04/2013;2013;23;4;3;2;3401
24/04/2013;2013;24;4;4;2;3402
25/04/2013;2013;25;4;5;2;3403
26/04/2013;2013;26;4;6;2;3404
27/04/2013;2013;27;4;7;2;3405
28/04/2013;2013;28;4;1;2;3406
30/04/2013;2013;30;4;3;2;3407
01/05/2013;2013;1;5;4;2;3408
02/05/2013;2013;2;5;5;2;3409
03/05/2013;2013;3;5;6;2;3410
04/05/2013;2013;4;5;7;2;3411
05/05/2013;2013;5;5;1;2;3412
06/05/2013;2013;6;5;2;2;3413
07/05/2013;2013;7;5;3;2;3414
08/05/2013;2013;8;5;4;2;3415
09/05/2013;2013;9;5;5;2;3416
10/05/2013;2013;10;5;6;2;3417
11/05/2013;2013;11;5;7;2;3418
12/05/2013;2013;12;5;1;2;3419
13/05/2013;2013;13;5;2;2;3420
14/05/2013;2013;14;5;3;2;3421
15/05/2013;2013;15;5;4;2;3422
16/05/2013;2013;16;5;5;2;3423
17/05/2013;2013;17;5;6;2;3424
18/05/2013;2013;18;5;7;2;3425
19/05/2013;2013;19;5;1;2;3426
20/05/2013;2013;20;5;2;2;3427
21/05/2013;2013;21;5;3;2;3428
22/05/2013;2013;22;5;4;2;3429
23/05/2013;2013;23;5;5;2;3430
24/05/2013;2013;24;5;6;2;3431
25/05/2013;2013;25;5;7;2;3432
26/05/2013;2013;26;5;1;2;3433
27/05/2013;2013;27;5;2;2;3434
28/05/2013;2013;28;5;3;2;3435
29/05/2013;2013;29;5;4;2;3436
30/05/2013;2013;30;5;5;2;3437
31/05/2013;2013;31;5;6;2;3438
01/06/2013;2013;1;6;7;2;3439
02/06/2013;2013;2;6;1;2;3440
03/06/2013;2013;3;6;2;2;3441
04/06/2013;2013;4;6;3;2;3442
05/06/2013;2013;5;6;4;2;3443
06/06/2013;2013;6;6;5;2;3444
07/06/2013;2013;7;6;6;2;3445
08/06/2013;2013;8;6;7;2;3446
09/06/2013;2013;9;6;1;2;3447
10/06/2013;2013;10;6;2;2;3448
11/06/2013;2013;11;6;3;2;3449
12/06/2013;2013;12;6;4;2;3450
13/06/2013;2013;13;6;5;2;3451
14/06/2013;2013;14;6;6;2;3452
15/06/2013;2013;15;6;7;2;3453
16/06/2013;2013;16;6;1;2;3454
17/06/2013;2013;17;6;2;2;3455
18/06/2013;2013;18;6;3;2;3456
19/06/2013;2013;19;6;4;2;3457
20/06/2013;2013;20;6;5;2;3458
21/06/2013;2013;21;6;6;2;3459
22/06/2013;2013;22;6;7;2;3460
23/06/2013;2013;23;6;1;2;3461
24/06/2013;2013;24;6;2;2;3462
25/06/2013;2013;25;6;3;2;3463
26/06/2013;2013;26;6;4;2;3464
27/06/2013;2013;27;6;5;2;3465
28/06/2013;2013;28;6;6;2;3466
29/06/2013;2013;29;6;7;2;3467
30/06/2013;2013;30;6;1;2;3468
01/07/2013;2013;1;7;2;3;3469
02/07/2013;2013;2;7;3;3;3470
03/07/2013;2013;3;7;4;3;3471
04/07/2013;2013;4;7;5;3;3472
05/07/2013;2013;5;7;6;3;3473
06/07/2013;2013;6;7;7;3;3474
07/07/2013;2013;7;7;1;3;3475
08/07/2013;2013;8;7;2;3;3476
09/07/2013;2013;9;7;3;3;3477
10/07/2013;2013;10;7;4;3;3478
11/07/2013;2013;11;7;5;3;3479
12/07/2013;2013;12;7;6;3;3480
13/07/2013;2013;13;7;7;3;3481
14/07/2013;2013;14;7;1;3;3482
15/07/2013;2013;15;7;2;3;3483
16/07/2013;2013;16;7;3;3;3484
17/07/2013;2013;17;7;4;3;3485
18/07/2013;2013;18;7;5;3;3486
19/07/2013;2013;19;7;6;3;3487
20/07/2013;2013;20;7;7;3;3488
21/07/2013;2013;21;7;1;3;3489
22/07/2013;2013;22;7;2;3;3490
23/07/2013;2013;23;7;3;3;3491
24/07/2013;2013;24;7;4;3;3492
25/07/2013;2013;25;7;5;3;3493
26/07/2013;2013;26;7;6;3;3494
27/07/2013;2013;27;7;7;3;3495
28/07/2013;2013;28;7;1;3;3496
29/07/2013;2013;29;7;2;3;3497
30/07/2013;2013;30;7;3;3;3498
31/07/2013;2013;31;7;4;3;3499
01/08/2013;2013;1;8;5;3;3500
02/08/2013;2013;2;8;6;3;3501
03/08/2013;2013;3;8;7;3;3502
04/08/2013;2013;4;8;1;3;3503
05/08/2013;2013;5;8;2;3;3504
06/08/2013;2013;6;8;3;3;3505
07/08/2013;2013;7;8;4;3;3506
08/08/2013;2013;8;8;5;3;3507
09/08/2013;2013;9;8;6;3;3508
10/08/2013;2013;10;8;7;3;3509
11/08/2013;2013;11;8;1;3;3510
12/08/2013;2013;12;8;2;3;3511
13/08/2013;2013;13;8;3;3;3512
14/08/2013;2013;14;8;4;3;3513
15/08/2013;2013;15;8;5;3;3514
16/08/2013;2013;16;8;6;3;3515
17/08/2013;2013;17;8;7;3;3516
18/08/2013;2013;18;8;1;3;3517
19/08/2013;2013;19;8;2;3;3518
20/08/2013;2013;20;8;3;3;3519
21/08/2013;2013;21;8;4;3;3520
22/08/2013;2013;22;8;5;3;3521
23/08/2013;2013;23;8;6;3;3522
24/08/2013;2013;24;8;7;3;3523
25/08/2013;2013;25;8;1;3;3524
26/08/2013;2013;26;8;2;3;3525
27/08/2013;2013;27;8;3;3;3526
28/08/2013;2013;28;8;4;3;3527
29/08/2013;2013;29;8;5;3;3528
30/08/2013;2013;30;8;6;3;3529
31/08/2013;2013;31;8;7;3;3530
01/09/2013;2013;1;9;1;3;3531
02/09/2013;2013;2;9;2;3;3532
03/09/2013;2013;3;9;3;3;3533
04/09/2013;2013;4;9;4;3;3534
05/09/2013;2013;5;9;5;3;3535
06/09/2013;2013;6;9;6;3;3536
07/09/2013;2013;7;9;7;3;3537
08/09/2013;2013;8;9;1;3;3538
09/09/2013;2013;9;9;2;3;3539
10/09/2013;2013;10;9;3;3;3540
11/09/2013;2013;11;9;4;3;3541
12/09/2013;2013;12;9;5;3;3542
13/09/2013;2013;13;9;6;3;3543
14/09/2013;2013;14;9;7;3;3544
15/09/2013;2013;15;9;1;3;3545
16/09/2013;2013;16;9;2;3;3546
17/09/2013;2013;17;9;3;3;3547
18/09/2013;2013;18;9;4;3;3548
19/09/2013;2013;19;9;5;3;3549
20/09/2013;2013;20;9;6;3;3550
21/09/2013;2013;21;9;7;3;3551
22/09/2013;2013;22;9;1;3;3552
23/09/2013;2013;23;9;2;3;3553
24/09/2013;2013;24;9;3;3;3554
25/09/2013;2013;25;9;4;3;3555
26/09/2013;2013;26;9;5;3;3556
27/09/2013;2013;27;9;6;3;3557
28/09/2013;2013;28;9;7;3;3558
29/09/2013;2013;29;9;1;3;3559
30/09/2013;2013;30;9;2;3;3560
01/10/2013;2013;1;10;3;4;3561
02/10/2013;2013;2;10;4;4;3562
03/10/2013;2013;3;10;5;4;3563
04/10/2013;2013;4;10;6;4;3564
05/10/2013;2013;5;10;7;4;3565
06/10/2013;2013;6;10;1;4;3566
07/10/2013;2013;7;10;2;4;3567
08/10/2013;2013;8;10;3;4;3568
09/10/2013;2013;9;10;4;4;3569
10/10/2013;2013;10;10;5;4;3570
11/10/2013;2013;11;10;6;4;3571
12/10/2013;2013;12;10;7;4;3572
13/10/2013;2013;13;10;1;4;3573
14/10/2013;2013;14;10;2;4;3574
15/10/2013;2013;15;10;3;4;3575
16/10/2013;2013;16;10;4;4;3576
17/10/2013;2013;17;10;5;4;3577
18/10/2013;2013;18;10;6;4;3578
19/10/2013;2013;19;10;7;4;3579
20/10/2013;2013;20;10;1;4;3580
21/10/2013;2013;21;10;2;4;3581
22/10/2013;2013;22;10;3;4;3582
23/10/2013;2013;23;10;4;4;3583
24/10/2013;2013;24;10;5;4;3584
25/10/2013;2013;25;10;6;4;3585
26/10/2013;2013;26;10;7;4;3586
27/10/2013;2013;27;10;1;4;3587
28/10/2013;2013;28;10;2;4;3588
29/10/2013;2013;29;10;3;4;3589
30/10/2013;2013;30;10;4;4;3590
31/10/2013;2013;31;10;5;4;3591
01/11/2013;2013;1;11;6;4;3592
02/11/2013;2013;2;11;7;4;3593
03/11/2013;2013;3;11;1;4;3594
04/11/2013;2013;4;11;2;4;3595
05/11/2013;2013;5;11;3;4;3596
06/11/2013;2013;6;11;4;4;3597
07/11/2013;2013;7;11;5;4;3598
08/11/2013;2013;8;11;6;4;3599
09/11/2013;2013;9;11;7;4;3600
10/11/2013;2013;10;11;1;4;3601
11/11/2013;2013;11;11;2;4;3602
12/11/2013;2013;12;11;3;4;3603
13/11/2013;2013;13;11;4;4;3604
14/11/2013;2013;14;11;5;4;3605
15/11/2013;2013;15;11;6;4;3606
16/11/2013;2013;16;11;7;4;3607
17/11/2013;2013;17;11;1;4;3608
18/11/2013;2013;18;11;2;4;3609
19/11/2013;2013;19;11;3;4;3610
20/11/2013;2013;20;11;4;4;3611
21/11/2013;2013;21;11;5;4;3612
22/11/2013;2013;22;11;6;4;3613
23/11/2013;2013;23;11;7;4;3614
24/11/2013;2013;24;11;1;4;3615
25/11/2013;2013;25;11;2;4;3616
26/11/2013;2013;26;11;3;4;3617
27/11/2013;2013;27;11;4;4;3618
28/11/2013;2013;28;11;5;4;3619
29/11/2013;2013;29;11;6;4;3620
30/11/2013;2013;30;11;7;4;3621
01/12/2013;2013;1;12;1;4;3622
02/12/2013;2013;2;12;2;4;3623
03/12/2013;2013;3;12;3;4;3624
04/12/2013;2013;4;12;4;4;3625
05/12/2013;2013;5;12;5;4;3626
06/12/2013;2013;6;12;6;4;3627
07/12/2013;2013;7;12;7;4;3628
08/12/2013;2013;8;12;1;4;3629
09/12/2013;2013;9;12;2;4;3630
10/12/2013;2013;10;12;3;4;3631
11/12/2013;2013;11;12;4;4;3632
12/12/2013;2013;12;12;5;4;3633
13/12/2013;2013;13;12;6;4;3634
14/12/2013;2013;14;12;7;4;3635
15/12/2013;2013;15;12;1;4;3636
16/12/2013;2013;16;12;2;4;3637
17/12/2013;2013;17;12;3;4;3638
18/12/2013;2013;18;12;4;4;3639
19/12/2013;2013;19;12;5;4;3640
20/12/2013;2013;20;12;6;4;3641
21/12/2013;2013;21;12;7;4;3642
22/12/2013;2013;22;12;1;4;3643
23/12/2013;2013;23;12;2;4;3644
24/12/2013;2013;24;12;3;4;3645
25/12/2013;2013;25;12;4;4;3646
26/12/2013;2013;26;12;5;4;3647
27/12/2013;2013;27;12;6;4;3648
28/12/2013;2013;28;12;7;4;3649
29/12/2013;2013;29;12;1;4;3650
30/12/2013;2013;30;12;2;4;3651
31/12/2013;2013;31;12;3;4;3652
01/01/2014;2014;1;1;4;1;3653
02/01/2014;2014;2;1;5;1;3654
03/01/2014;2014;3;1;6;1;3655
04/01/2014;2014;4;1;7;1;3656
05/01/2014;2014;5;1;1;1;3657
06/01/2014;2014;6;1;2;1;3658
07/01/2014;2014;7;1;3;1;3659
08/01/2014;2014;8;1;4;1;3660
09/01/2014;2014;9;1;5;1;3661
10/01/2014;2014;10;1;6;1;3662
11/01/2014;2014;11;1;7;1;3663
12/01/2014;2014;12;1;1;1;3664
13/01/2014;2014;13;1;2;1;3665
14/01/2014;2014;14;1;3;1;3666
15/01/2014;2014;15;1;4;1;3667
16/01/2014;2014;16;1;5;1;3668
17/01/2014;2014;17;1;6;1;3669
18/01/2014;2014;18;1;7;1;3670
19/01/2014;2014;19;1;1;1;3671
20/01/2014;2014;20;1;2;1;3672
21/01/2014;2014;21;1;3;1;3673
22/01/2014;2014;22;1;4;1;3674
23/01/2014;2014;23;1;5;1;3675
24/01/2014;2014;24;1;6;1;3676
25/01/2014;2014;25;1;7;1;3677
26/01/2014;2014;26;1;1;1;3678
27/01/2014;2014;27;1;2;1;3679
28/01/2014;2014;28;1;3;1;3680
29/01/2014;2014;29;1;4;1;3681
30/01/2014;2014;30;1;5;1;3682
31/01/2014;2014;31;1;6;1;3683
01/02/2014;2014;1;2;7;1;3684
02/02/2014;2014;2;2;1;1;3685
03/02/2014;2014;3;2;2;1;3686
04/02/2014;2014;4;2;3;1;3687
05/02/2014;2014;5;2;4;1;3688
06/02/2014;2014;6;2;5;1;3689
07/02/2014;2014;7;2;6;1;3690
08/02/2014;2014;8;2;7;1;3691
09/02/2014;2014;9;2;1;1;3692
10/02/2014;2014;10;2;2;1;3693
11/02/2014;2014;11;2;3;1;3694
12/02/2014;2014;12;2;4;1;3695
13/02/2014;2014;13;2;5;1;3696
14/02/2014;2014;14;2;6;1;3697
15/02/2014;2014;15;2;7;1;3698
16/02/2014;2014;16;2;1;1;3699
17/02/2014;2014;17;2;2;1;3700
18/02/2014;2014;18;2;3;1;3701
19/02/2014;2014;19;2;4;1;3702
20/02/2014;2014;20;2;5;1;3703
21/02/2014;2014;21;2;6;1;3704
22/02/2014;2014;22;2;7;1;3705
23/02/2014;2014;23;2;1;1;3706
24/02/2014;2014;24;2;2;1;3707
25/02/2014;2014;25;2;3;1;3708
26/02/2014;2014;26;2;4;1;3709
27/02/2014;2014;27;2;5;1;3710
28/02/2014;2014;28;2;6;1;3711
01/03/2014;2014;1;3;7;1;3712
02/03/2014;2014;2;3;1;1;3713
03/03/2014;2014;3;3;2;1;3714
04/03/2014;2014;4;3;3;1;3715
05/03/2014;2014;5;3;4;1;3716
06/03/2014;2014;6;3;5;1;3717
07/03/2014;2014;7;3;6;1;3718
08/03/2014;2014;8;3;7;1;3719
09/03/2014;2014;9;3;1;1;3720
10/03/2014;2014;10;3;2;1;3721
11/03/2014;2014;11;3;3;1;3722
12/03/2014;2014;12;3;4;1;3723
13/03/2014;2014;13;3;5;1;3724
14/03/2014;2014;14;3;6;1;3725
15/03/2014;2014;15;3;7;1;3726
16/03/2014;2014;16;3;1;1;3727
17/03/2014;2014;17;3;2;1;3728
18/03/2014;2014;18;3;3;1;3729
19/03/2014;2014;19;3;4;1;3730
20/03/2014;2014;20;3;5;1;3731
21/03/2014;2014;21;3;6;1;3732
22/03/2014;2014;22;3;7;1;3733
23/03/2014;2014;23;3;1;1;3734
24/03/2014;2014;24;3;2;1;3735
25/03/2014;2014;25;3;3;1;3736
26/03/2014;2014;26;3;4;1;3737
27/03/2014;2014;27;3;5;1;3738
28/03/2014;2014;28;3;6;1;3739
29/03/2014;2014;29;3;7;1;3740
30/03/2014;2014;30;3;1;1;3741
31/03/2014;2014;31;3;2;1;3742
01/04/2014;2014;1;4;3;2;3743
02/04/2014;2014;2;4;4;2;3744
03/04/2014;2014;3;4;5;2;3745
04/04/2014;2014;4;4;6;2;3746
05/04/2014;2014;5;4;7;2;3747
06/04/2014;2014;6;4;1;2;3748
07/04/2014;2014;7;4;2;2;3749
08/04/2014;2014;8;4;3;2;3750
09/04/2014;2014;9;4;4;2;3751
10/04/2014;2014;10;4;5;2;3752
11/04/2014;2014;11;4;6;2;3753
12/04/2014;2014;12;4;7;2;3754
13/04/2014;2014;13;4;1;2;3755
14/04/2014;2014;14;4;2;2;3756
15/04/2014;2014;15;4;3;2;3757
16/04/2014;2014;16;4;4;2;3758
17/04/2014;2014;17;4;5;2;3759
18/04/2014;2014;18;4;6;2;3760
19/04/2014;2014;19;4;7;2;3761
20/04/2014;2014;20;4;1;2;3762
21/04/2014;2014;21;4;2;2;3763
22/04/2014;2014;22;4;3;2;3764
23/04/2014;2014;23;4;4;2;3765
24/04/2014;2014;24;4;5;2;3766
25/04/2014;2014;25;4;6;2;3767
26/04/2014;2014;26;4;7;2;3768
27/04/2014;2014;27;4;1;2;3769
28/04/2014;2014;28;4;2;2;3770
29/04/2014;2014;29;4;3;2;3771
30/04/2014;2014;30;4;4;2;3772
01/05/2014;2014;1;5;5;2;3773
02/05/2014;2014;2;5;6;2;3774
03/05/2014;2014;3;5;7;2;3775
04/05/2014;2014;4;5;1;2;3776
05/05/2014;2014;5;5;2;2;3777
06/05/2014;2014;6;5;3;2;3778
07/05/2014;2014;7;5;4;2;3779
08/05/2014;2014;8;5;5;2;3780
09/05/2014;2014;9;5;6;2;3781
10/05/2014;2014;10;5;7;2;3782
11/05/2014;2014;11;5;1;2;3783
12/05/2014;2014;12;5;2;2;3784
13/05/2014;2014;13;5;3;2;3785
14/05/2014;2014;14;5;4;2;3786
15/05/2014;2014;15;5;5;2;3787
16/05/2014;2014;16;5;6;2;3788
17/05/2014;2014;17;5;7;2;3789
18/05/2014;2014;18;5;1;2;3790
19/05/2014;2014;19;5;2;2;3791
20/05/2014;2014;20;5;3;2;3792
21/05/2014;2014;21;5;4;2;3793
22/05/2014;2014;22;5;5;2;3794
23/05/2014;2014;23;5;6;2;3795
24/05/2014;2014;24;5;7;2;3796
25/05/2014;2014;25;5;1;2;3797
26/05/2014;2014;26;5;2;2;3798
27/05/2014;2014;27;5;3;2;3799
28/05/2014;2014;28;5;4;2;3800
29/05/2014;2014;29;5;5;2;3801
30/05/2014;2014;30;5;6;2;3802
31/05/2014;2014;31;5;7;2;3803
01/06/2014;2014;1;6;1;2;3804
02/06/2014;2014;2;6;2;2;3805
03/06/2014;2014;3;6;3;2;3806
04/06/2014;2014;4;6;4;2;3807
05/06/2014;2014;5;6;5;2;3808
06/06/2014;2014;6;6;6;2;3809
07/06/2014;2014;7;6;7;2;3810
08/06/2014;2014;8;6;1;2;3811
09/06/2014;2014;9;6;2;2;3812
10/06/2014;2014;10;6;3;2;3813
11/06/2014;2014;11;6;4;2;3814
12/06/2014;2014;12;6;5;2;3815
13/06/2014;2014;13;6;6;2;3816
14/06/2014;2014;14;6;7;2;3817
15/06/2014;2014;15;6;1;2;3818
16/06/2014;2014;16;6;2;2;3819
17/06/2014;2014;17;6;3;2;3820
18/06/2014;2014;18;6;4;2;3821
19/06/2014;2014;19;6;5;2;3822
20/06/2014;2014;20;6;6;2;3823
21/06/2014;2014;21;6;7;2;3824
22/06/2014;2014;22;6;1;2;3825
23/06/2014;2014;23;6;2;2;3826
24/06/2014;2014;24;6;3;2;3827
25/06/2014;2014;25;6;4;2;3828
26/06/2014;2014;26;6;5;2;3829
27/06/2014;2014;27;6;6;2;3830
28/06/2014;2014;28;6;7;2;3831
29/06/2014;2014;29;6;1;2;3832
30/06/2014;2014;30;6;2;2;3833
01/07/2014;2014;1;7;3;3;3834
02/07/2014;2014;2;7;4;3;3835
03/07/2014;2014;3;7;5;3;3836
04/07/2014;2014;4;7;6;3;3837
05/07/2014;2014;5;7;7;3;3838
06/07/2014;2014;6;7;1;3;3839
07/07/2014;2014;7;7;2;3;3840
08/07/2014;2014;8;7;3;3;3841
09/07/2014;2014;9;7;4;3;3842
10/07/2014;2014;10;7;5;3;3843
11/07/2014;2014;11;7;6;3;3844
12/07/2014;2014;12;7;7;3;3845
13/07/2014;2014;13;7;1;3;3846
14/07/2014;2014;14;7;2;3;3847
15/07/2014;2014;15;7;3;3;3848
16/07/2014;2014;16;7;4;3;3849
17/07/2014;2014;17;7;5;3;3850
18/07/2014;2014;18;7;6;3;3851
19/07/2014;2014;19;7;7;3;3852
20/07/2014;2014;20;7;1;3;3853
21/07/2014;2014;21;7;2;3;3854
22/07/2014;2014;22;7;3;3;3855
23/07/2014;2014;23;7;4;3;3856
24/07/2014;2014;24;7;5;3;3857
25/07/2014;2014;25;7;6;3;3858
26/07/2014;2014;26;7;7;3;3859
27/07/2014;2014;27;7;1;3;3860
28/07/2014;2014;28;7;2;3;3861
29/07/2014;2014;29;7;3;3;3862
30/07/2014;2014;30;7;4;3;3863
31/07/2014;2014;31;7;5;3;3864
01/08/2014;2014;1;8;6;3;3865
02/08/2014;2014;2;8;7;3;3866
03/08/2014;2014;3;8;1;3;3867
04/08/2014;2014;4;8;2;3;3868
05/08/2014;2014;5;8;3;3;3869
06/08/2014;2014;6;8;4;3;3870
07/08/2014;2014;7;8;5;3;3871
08/08/2014;2014;8;8;6;3;3872
09/08/2014;2014;9;8;7;3;3873
10/08/2014;2014;10;8;1;3;3874
11/08/2014;2014;11;8;2;3;3875
12/08/2014;2014;12;8;3;3;3876
13/08/2014;2014;13;8;4;3;3877
14/08/2014;2014;14;8;5;3;3878
15/08/2014;2014;15;8;6;3;3879
16/08/2014;2014;16;8;7;3;3880
17/08/2014;2014;17;8;1;3;3881
18/08/2014;2014;18;8;2;3;3882
19/08/2014;2014;19;8;3;3;3883
20/08/2014;2014;20;8;4;3;3884
21/08/2014;2014;21;8;5;3;3885
22/08/2014;2014;22;8;6;3;3886
23/08/2014;2014;23;8;7;3;3887
24/08/2014;2014;24;8;1;3;3888
25/08/2014;2014;25;8;2;3;3889
26/08/2014;2014;26;8;3;3;3890
27/08/2014;2014;27;8;4;3;3891
28/08/2014;2014;28;8;5;3;3892
29/08/2014;2014;29;8;6;3;3893
30/08/2014;2014;30;8;7;3;3894
31/08/2014;2014;31;8;1;3;3895
01/09/2014;2014;1;9;2;3;3896
02/09/2014;2014;2;9;3;3;3897
03/09/2014;2014;3;9;4;3;3898
04/09/2014;2014;4;9;5;3;3899
05/09/2014;2014;5;9;6;3;3900
06/09/2014;2014;6;9;7;3;3901
07/09/2014;2014;7;9;1;3;3902
08/09/2014;2014;8;9;2;3;3903
09/09/2014;2014;9;9;3;3;3904
10/09/2014;2014;10;9;4;3;3905
11/09/2014;2014;11;9;5;3;3906
12/09/2014;2014;12;9;6;3;3907
13/09/2014;2014;13;9;7;3;3908
14/09/2014;2014;14;9;1;3;3909
15/09/2014;2014;15;9;2;3;3910
16/09/2014;2014;16;9;3;3;3911
17/09/2014;2014;17;9;4;3;3912
18/09/2014;2014;18;9;5;3;3913
19/09/2014;2014;19;9;6;3;3914
20/09/2014;2014;20;9;7;3;3915
21/09/2014;2014;21;9;1;3;3916
22/09/2014;2014;22;9;2;3;3917
23/09/2014;2014;23;9;3;3;3918
24/09/2014;2014;24;9;4;3;3919
25/09/2014;2014;25;9;5;3;3920
26/09/2014;2014;26;9;6;3;3921
27/09/2014;2014;27;9;7;3;3922
28/09/2014;2014;28;9;1;3;3923
29/09/2014;2014;29;9;2;3;3924
30/09/2014;2014;30;9;3;3;3925
01/10/2014;2014;1;10;4;4;3926
02/10/2014;2014;2;10;5;4;3927
03/10/2014;2014;3;10;6;4;3928
04/10/2014;2014;4;10;7;4;3929
05/10/2014;2014;5;10;1;4;3930
06/10/2014;2014;6;10;2;4;3931
07/10/2014;2014;7;10;3;4;3932
08/10/2014;2014;8;10;4;4;3933
09/10/2014;2014;9;10;5;4;3934
10/10/2014;2014;10;10;6;4;3935
11/10/2014;2014;11;10;7;4;3936
12/10/2014;2014;12;10;1;4;3937
13/10/2014;2014;13;10;2;4;3938
14/10/2014;2014;14;10;3;4;3939
15/10/2014;2014;15;10;4;4;3940
16/10/2014;2014;16;10;5;4;3941
17/10/2014;2014;17;10;6;4;3942
18/10/2014;2014;18;10;7;4;3943
19/10/2014;2014;19;10;1;4;3944
20/10/2014;2014;20;10;2;4;3945
21/10/2014;2014;21;10;3;4;3946
22/10/2014;2014;22;10;4;4;3947
23/10/2014;2014;23;10;5;4;3948
24/10/2014;2014;24;10;6;4;3949
25/10/2014;2014;25;10;7;4;3950
26/10/2014;2014;26;10;1;4;3951
27/10/2014;2014;27;10;2;4;3952
28/10/2014;2014;28;10;3;4;3953
29/10/2014;2014;29;10;4;4;3954
30/10/2014;2014;30;10;5;4;3955
31/10/2014;2014;31;10;6;4;3956
01/11/2014;2014;1;11;7;4;3957
02/11/2014;2014;2;11;1;4;3958
03/11/2014;2014;3;11;2;4;3959
04/11/2014;2014;4;11;3;4;3960
05/11/2014;2014;5;11;4;4;3961
06/11/2014;2014;6;11;5;4;3962
07/11/2014;2014;7;11;6;4;3963
08/11/2014;2014;8;11;7;4;3964
09/11/2014;2014;9;11;1;4;3965
10/11/2014;2014;10;11;2;4;3966
11/11/2014;2014;11;11;3;4;3967
12/11/2014;2014;12;11;4;4;3968
13/11/2014;2014;13;11;5;4;3969
14/11/2014;2014;14;11;6;4;3970
15/11/2014;2014;15;11;7;4;3971
16/11/2014;2014;16;11;1;4;3972
17/11/2014;2014;17;11;2;4;3973
18/11/2014;2014;18;11;3;4;3974
19/11/2014;2014;19;11;4;4;3975
20/11/2014;2014;20;11;5;4;3976
21/11/2014;2014;21;11;6;4;3977
22/11/2014;2014;22;11;7;4;3978
23/11/2014;2014;23;11;1;4;3979
24/11/2014;2014;24;11;2;4;3980
25/11/2014;2014;25;11;3;4;3981
26/11/2014;2014;26;11;4;4;3982
27/11/2014;2014;27;11;5;4;3983
28/11/2014;2014;28;11;6;4;3984
29/11/2014;2014;29;11;7;4;3985
30/11/2014;2014;30;11;1;4;3986
01/12/2014;2014;1;12;2;4;3987
02/12/2014;2014;2;12;3;4;3988
03/12/2014;2014;3;12;4;4;3989
04/12/2014;2014;4;12;5;4;3990
05/12/2014;2014;5;12;6;4;3991
06/12/2014;2014;6;12;7;4;3992
07/12/2014;2014;7;12;1;4;3993
08/12/2014;2014;8;12;2;4;3994
09/12/2014;2014;9;12;3;4;3995
10/12/2014;2014;10;12;4;4;3996
11/12/2014;2014;11;12;5;4;3997
12/12/2014;2014;12;12;6;4;3998
13/12/2014;2014;13;12;7;4;3999
14/12/2014;2014;14;12;1;4;4000
15/12/2014;2014;15;12;2;4;4001
16/12/2014;2014;16;12;3;4;4002
17/12/2014;2014;17;12;4;4;4003
18/12/2014;2014;18;12;5;4;4004
19/12/2014;2014;19;12;6;4;4005
20/12/2014;2014;20;12;7;4;4006
21/12/2014;2014;21;12;1;4;4007
22/12/2014;2014;22;12;2;4;4008
23/12/2014;2014;23;12;3;4;4009
24/12/2014;2014;24;12;4;4;4010
25/12/2014;2014;25;12;5;4;4011
26/12/2014;2014;26;12;6;4;4012
27/12/2014;2014;27;12;7;4;4013
28/12/2014;2014;28;12;1;4;4014
29/12/2014;2014;29;12;2;4;4015
30/12/2014;2014;30;12;3;4;4016
31/12/2014;2014;31;12;4;4;4017
01/01/2015;2015;1;1;5;1;4018
02/01/2015;2015;2;1;6;1;4019
03/01/2015;2015;3;1;7;1;4020
04/01/2015;2015;4;1;1;1;4021
05/01/2015;2015;5;1;2;1;4022
06/01/2015;2015;6;1;3;1;4023
07/01/2015;2015;7;1;4;1;4024
08/01/2015;2015;8;1;5;1;4025
09/01/2015;2015;9;1;6;1;4026
10/01/2015;2015;10;1;7;1;4027
11/01/2015;2015;11;1;1;1;4028
12/01/2015;2015;12;1;2;1;4029
13/01/2015;2015;13;1;3;1;4030
14/01/2015;2015;14;1;4;1;4031
15/01/2015;2015;15;1;5;1;4032
16/01/2015;2015;16;1;6;1;4033
17/01/2015;2015;17;1;7;1;4034
18/01/2015;2015;18;1;1;1;4035
19/01/2015;2015;19;1;2;1;4036
20/01/2015;2015;20;1;3;1;4037
21/01/2015;2015;21;1;4;1;4038
22/01/2015;2015;22;1;5;1;4039
23/01/2015;2015;23;1;6;1;4040
24/01/2015;2015;24;1;7;1;4041
25/01/2015;2015;25;1;1;1;4042
26/01/2015;2015;26;1;2;1;4043
27/01/2015;2015;27;1;3;1;4044
28/01/2015;2015;28;1;4;1;4045
29/01/2015;2015;29;1;5;1;4046
30/01/2015;2015;30;1;6;1;4047
31/01/2015;2015;31;1;7;1;4048
01/02/2015;2015;1;2;1;1;4049
02/02/2015;2015;2;2;2;1;4050
03/02/2015;2015;3;2;3;1;4051
04/02/2015;2015;4;2;4;1;4052
05/02/2015;2015;5;2;5;1;4053
06/02/2015;2015;6;2;6;1;4054
07/02/2015;2015;7;2;7;1;4055
08/02/2015;2015;8;2;1;1;4056
09/02/2015;2015;9;2;2;1;4057
10/02/2015;2015;10;2;3;1;4058
11/02/2015;2015;11;2;4;1;4059
12/02/2015;2015;12;2;5;1;4060
13/02/2015;2015;13;2;6;1;4061
14/02/2015;2015;14;2;7;1;4062
15/02/2015;2015;15;2;1;1;4063
16/02/2015;2015;16;2;2;1;4064
17/02/2015;2015;17;2;3;1;4065
18/02/2015;2015;18;2;4;1;4066
19/02/2015;2015;19;2;5;1;4067
20/02/2015;2015;20;2;6;1;4068
21/02/2015;2015;21;2;7;1;4069
22/02/2015;2015;22;2;1;1;4070
23/02/2015;2015;23;2;2;1;4071
24/02/2015;2015;24;2;3;1;4072
25/02/2015;2015;25;2;4;1;4073
26/02/2015;2015;26;2;5;1;4074
27/02/2015;2015;27;2;6;1;4075
28/02/2015;2015;28;2;7;1;4076
01/03/2015;2015;1;3;1;1;4077
02/03/2015;2015;2;3;2;1;4078
03/03/2015;2015;3;3;3;1;4079
04/03/2015;2015;4;3;4;1;4080
05/03/2015;2015;5;3;5;1;4081
06/03/2015;2015;6;3;6;1;4082
07/03/2015;2015;7;3;7;1;4083
08/03/2015;2015;8;3;1;1;4084
09/03/2015;2015;9;3;2;1;4085
10/03/2015;2015;10;3;3;1;4086
11/03/2015;2015;11;3;4;1;4087
12/03/2015;2015;12;3;5;1;4088
13/03/2015;2015;13;3;6;1;4089
14/03/2015;2015;14;3;7;1;4090
15/03/2015;2015;15;3;1;1;4091
16/03/2015;2015;16;3;2;1;4092
17/03/2015;2015;17;3;3;1;4093
18/03/2015;2015;18;3;4;1;4094
19/03/2015;2015;19;3;5;1;4095
20/03/2015;2015;20;3;6;1;4096
21/03/2015;2015;21;3;7;1;4097
22/03/2015;2015;22;3;1;1;4098
23/03/2015;2015;23;3;2;1;4099
24/03/2015;2015;24;3;3;1;4100
25/03/2015;2015;25;3;4;1;4101
26/03/2015;2015;26;3;5;1;4102
27/03/2015;2015;27;3;6;1;4103
28/03/2015;2015;28;3;7;1;4104
29/03/2015;2015;29;3;1;1;4105
30/03/2015;2015;30;3;2;1;4106
31/03/2015;2015;31;3;3;1;4107
01/04/2015;2015;1;4;4;2;4108
02/04/2015;2015;2;4;5;2;4109
03/04/2015;2015;3;4;6;2;4110
04/04/2015;2015;4;4;7;2;4111
05/04/2015;2015;5;4;1;2;4112
06/04/2015;2015;6;4;2;2;4113
07/04/2015;2015;7;4;3;2;4114
08/04/2015;2015;8;4;4;2;4115
09/04/2015;2015;9;4;5;2;4116
10/04/2015;2015;10;4;6;2;4117
11/04/2015;2015;11;4;7;2;4118
12/04/2015;2015;12;4;1;2;4119
13/04/2015;2015;13;4;2;2;4120
14/04/2015;2015;14;4;3;2;4121
15/04/2015;2015;15;4;4;2;4122
16/04/2015;2015;16;4;5;2;4123
17/04/2015;2015;17;4;6;2;4124
18/04/2015;2015;18;4;7;2;4125
19/04/2015;2015;19;4;1;2;4126
20/04/2015;2015;20;4;2;2;4127
21/04/2015;2015;21;4;3;2;4128
22/04/2015;2015;22;4;4;2;4129
23/04/2015;2015;23;4;5;2;4130
24/04/2015;2015;24;4;6;2;4131
25/04/2015;2015;25;4;7;2;4132
26/04/2015;2015;26;4;1;2;4133
27/04/2015;2015;27;4;2;2;4134
28/04/2015;2015;28;4;3;2;4135
29/04/2015;2015;29;4;4;2;4136
30/04/2015;2015;30;4;5;2;4137
01/05/2015;2015;1;5;6;2;4138
02/05/2015;2015;2;5;7;2;4139
03/05/2015;2015;3;5;1;2;4140
04/05/2015;2015;4;5;2;2;4141
05/05/2015;2015;5;5;3;2;4142
06/05/2015;2015;6;5;4;2;4143
07/05/2015;2015;7;5;5;2;4144
08/05/2015;2015;8;5;6;2;4145
09/05/2015;2015;9;5;7;2;4146
10/05/2015;2015;10;5;1;2;4147
11/05/2015;2015;11;5;2;2;4148
12/05/2015;2015;12;5;3;2;4149
13/05/2015;2015;13;5;4;2;4150
14/05/2015;2015;14;5;5;2;4151
15/05/2015;2015;15;5;6;2;4152
16/05/2015;2015;16;5;7;2;4153
17/05/2015;2015;17;5;1;2;4154
18/05/2015;2015;18;5;2;2;4155
19/05/2015;2015;19;5;3;2;4156
20/05/2015;2015;20;5;4;2;4157
21/05/2015;2015;21;5;5;2;4158
22/05/2015;2015;22;5;6;2;4159
23/05/2015;2015;23;5;7;2;4160
24/05/2015;2015;24;5;1;2;4161
25/05/2015;2015;25;5;2;2;4162
26/05/2015;2015;26;5;3;2;4163
27/05/2015;2015;27;5;4;2;4164
28/05/2015;2015;28;5;5;2;4165
29/05/2015;2015;29;5;6;2;4166
30/05/2015;2015;30;5;7;2;4167
31/05/2015;2015;31;5;1;2;4168
01/06/2015;2015;1;6;2;2;4169
02/06/2015;2015;2;6;3;2;4170
03/06/2015;2015;3;6;4;2;4171
04/06/2015;2015;4;6;5;2;4172
05/06/2015;2015;5;6;6;2;4173
06/06/2015;2015;6;6;7;2;4174
07/06/2015;2015;7;6;1;2;4175
08/06/2015;2015;8;6;2;2;4176
09/06/2015;2015;9;6;3;2;4177
10/06/2015;2015;10;6;4;2;4178
11/06/2015;2015;11;6;5;2;4179
12/06/2015;2015;12;6;6;2;4180
13/06/2015;2015;13;6;7;2;4181
14/06/2015;2015;14;6;1;2;4182
15/06/2015;2015;15;6;2;2;4183
16/06/2015;2015;16;6;3;2;4184
17/06/2015;2015;17;6;4;2;4185
18/06/2015;2015;18;6;5;2;4186
19/06/2015;2015;19;6;6;2;4187
20/06/2015;2015;20;6;7;2;4188
21/06/2015;2015;21;6;1;2;4189
22/06/2015;2015;22;6;2;2;4190
23/06/2015;2015;23;6;3;2;4191
24/06/2015;2015;24;6;4;2;4192
25/06/2015;2015;25;6;5;2;4193
26/06/2015;2015;26;6;6;2;4194
27/06/2015;2015;27;6;7;2;4195
28/06/2015;2015;28;6;1;2;4196
29/06/2015;2015;29;6;2;2;4197
30/06/2015;2015;30;6;3;2;4198
01/07/2015;2015;1;7;4;3;4199
02/07/2015;2015;2;7;5;3;4200
03/07/2015;2015;3;7;6;3;4201
04/07/2015;2015;4;7;7;3;4202
05/07/2015;2015;5;7;1;3;4203
06/07/2015;2015;6;7;2;3;4204
07/07/2015;2015;7;7;3;3;4205
08/07/2015;2015;8;7;4;3;4206
09/07/2015;2015;9;7;5;3;4207
10/07/2015;2015;10;7;6;3;4208
11/07/2015;2015;11;7;7;3;4209
12/07/2015;2015;12;7;1;3;4210
13/07/2015;2015;13;7;2;3;4211
14/07/2015;2015;14;7;3;3;4212
15/07/2015;2015;15;7;4;3;4213
16/07/2015;2015;16;7;5;3;4214
17/07/2015;2015;17;7;6;3;4215
18/07/2015;2015;18;7;7;3;4216
19/07/2015;2015;19;7;1;3;4217
20/07/2015;2015;20;7;2;3;4218
21/07/2015;2015;21;7;3;3;4219
22/07/2015;2015;22;7;4;3;4220
23/07/2015;2015;23;7;5;3;4221
24/07/2015;2015;24;7;6;3;4222
25/07/2015;2015;25;7;7;3;4223
26/07/2015;2015;26;7;1;3;4224
27/07/2015;2015;27;7;2;3;4225
28/07/2015;2015;28;7;3;3;4226
29/07/2015;2015;29;7;4;3;4227
30/07/2015;2015;30;7;5;3;4228
31/07/2015;2015;31;7;6;3;4229
01/08/2015;2015;1;8;7;3;4230
02/08/2015;2015;2;8;1;3;4231
03/08/2015;2015;3;8;2;3;4232
04/08/2015;2015;4;8;3;3;4233
05/08/2015;2015;5;8;4;3;4234
06/08/2015;2015;6;8;5;3;4235
07/08/2015;2015;7;8;6;3;4236
08/08/2015;2015;8;8;7;3;4237
09/08/2015;2015;9;8;1;3;4238
10/08/2015;2015;10;8;2;3;4239
11/08/2015;2015;11;8;3;3;4240
12/08/2015;2015;12;8;4;3;4241
13/08/2015;2015;13;8;5;3;4242
14/08/2015;2015;14;8;6;3;4243
15/08/2015;2015;15;8;7;3;4244
16/08/2015;2015;16;8;1;3;4245
17/08/2015;2015;17;8;2;3;4246
18/08/2015;2015;18;8;3;3;4247
19/08/2015;2015;19;8;4;3;4248
20/08/2015;2015;20;8;5;3;4249
21/08/2015;2015;21;8;6;3;4250
22/08/2015;2015;22;8;7;3;4251
23/08/2015;2015;23;8;1;3;4252
24/08/2015;2015;24;8;2;3;4253
25/08/2015;2015;25;8;3;3;4254
26/08/2015;2015;26;8;4;3;4255
27/08/2015;2015;27;8;5;3;4256
28/08/2015;2015;28;8;6;3;4257
29/08/2015;2015;29;8;7;3;4258
30/08/2015;2015;30;8;1;3;4259
31/08/2015;2015;31;8;2;3;4260
01/09/2015;2015;1;9;3;3;4261
02/09/2015;2015;2;9;4;3;4262
03/09/2015;2015;3;9;5;3;4263
04/09/2015;2015;4;9;6;3;4264
05/09/2015;2015;5;9;7;3;4265
06/09/2015;2015;6;9;1;3;4266
07/09/2015;2015;7;9;2;3;4267
08/09/2015;2015;8;9;3;3;4268
09/09/2015;2015;9;9;4;3;4269
10/09/2015;2015;10;9;5;3;4270
11/09/2015;2015;11;9;6;3;4271
12/09/2015;2015;12;9;7;3;4272
13/09/2015;2015;13;9;1;3;4273
14/09/2015;2015;14;9;2;3;4274
15/09/2015;2015;15;9;3;3;4275
16/09/2015;2015;16;9;4;3;4276
17/09/2015;2015;17;9;5;3;4277
18/09/2015;2015;18;9;6;3;4278
19/09/2015;2015;19;9;7;3;4279
20/09/2015;2015;20;9;1;3;4280
21/09/2015;2015;21;9;2;3;4281
22/09/2015;2015;22;9;3;3;4282
23/09/2015;2015;23;9;4;3;4283
24/09/2015;2015;24;9;5;3;4284
25/09/2015;2015;25;9;6;3;4285
26/09/2015;2015;26;9;7;3;4286
27/09/2015;2015;27;9;1;3;4287
28/09/2015;2015;28;9;2;3;4288
29/09/2015;2015;29;9;3;3;4289
30/09/2015;2015;30;9;4;3;4290
01/10/2015;2015;1;10;5;4;4291
02/10/2015;2015;2;10;6;4;4292
03/10/2015;2015;3;10;7;4;4293
04/10/2015;2015;4;10;1;4;4294
05/10/2015;2015;5;10;2;4;4295
06/10/2015;2015;6;10;3;4;4296
07/10/2015;2015;7;10;4;4;4297
08/10/2015;2015;8;10;5;4;4298
09/10/2015;2015;9;10;6;4;4299
10/10/2015;2015;10;10;7;4;4300
11/10/2015;2015;11;10;1;4;4301
12/10/2015;2015;12;10;2;4;4302
13/10/2015;2015;13;10;3;4;4303
14/10/2015;2015;14;10;4;4;4304
15/10/2015;2015;15;10;5;4;4305
16/10/2015;2015;16;10;6;4;4306
17/10/2015;2015;17;10;7;4;4307
18/10/2015;2015;18;10;1;4;4308
19/10/2015;2015;19;10;2;4;4309
20/10/2015;2015;20;10;3;4;4310
21/10/2015;2015;21;10;4;4;4311
22/10/2015;2015;22;10;5;4;4312
23/10/2015;2015;23;10;6;4;4313
24/10/2015;2015;24;10;7;4;4314
25/10/2015;2015;25;10;1;4;4315
26/10/2015;2015;26;10;2;4;4316
27/10/2015;2015;27;10;3;4;4317
28/10/2015;2015;28;10;4;4;4318
29/10/2015;2015;29;10;5;4;4319
30/10/2015;2015;30;10;6;4;4320
31/10/2015;2015;31;10;7;4;4321
01/11/2015;2015;1;11;1;4;4322
02/11/2015;2015;2;11;2;4;4323
03/11/2015;2015;3;11;3;4;4324
04/11/2015;2015;4;11;4;4;4325
05/11/2015;2015;5;11;5;4;4326
06/11/2015;2015;6;11;6;4;4327
07/11/2015;2015;7;11;7;4;4328
08/11/2015;2015;8;11;1;4;4329
09/11/2015;2015;9;11;2;4;4330
10/11/2015;2015;10;11;3;4;4331
11/11/2015;2015;11;11;4;4;4332
12/11/2015;2015;12;11;5;4;4333
13/11/2015;2015;13;11;6;4;4334
14/11/2015;2015;14;11;7;4;4335
15/11/2015;2015;15;11;1;4;4336
16/11/2015;2015;16;11;2;4;4337
17/11/2015;2015;17;11;3;4;4338
18/11/2015;2015;18;11;4;4;4339
19/11/2015;2015;19;11;5;4;4340
20/11/2015;2015;20;11;6;4;4341
21/11/2015;2015;21;11;7;4;4342
22/11/2015;2015;22;11;1;4;4343
23/11/2015;2015;23;11;2;4;4344
24/11/2015;2015;24;11;3;4;4345
25/11/2015;2015;25;11;4;4;4346
26/11/2015;2015;26;11;5;4;4347
27/11/2015;2015;27;11;6;4;4348
28/11/2015;2015;28;11;7;4;4349
29/11/2015;2015;29;11;1;4;4350
30/11/2015;2015;30;11;2;4;4351
01/12/2015;2015;1;12;3;4;4352
02/12/2015;2015;2;12;4;4;4353
03/12/2015;2015;3;12;5;4;4354
04/12/2015;2015;4;12;6;4;4355
05/12/2015;2015;5;12;7;4;4356
06/12/2015;2015;6;12;1;4;4357
07/12/2015;2015;7;12;2;4;4358
08/12/2015;2015;8;12;3;4;4359
09/12/2015;2015;9;12;4;4;4360
10/12/2015;2015;10;12;5;4;4361
11/12/2015;2015;11;12;6;4;4362
12/12/2015;2015;12;12;7;4;4363
13/12/2015;2015;13;12;1;4;4364
14/12/2015;2015;14;12;2;4;4365
15/12/2015;2015;15;12;3;4;4366
16/12/2015;2015;16;12;4;4;4367
17/12/2015;2015;17;12;5;4;4368
18/12/2015;2015;18;12;6;4;4369
19/12/2015;2015;19;12;7;4;4370
20/12/2015;2015;20;12;1;4;4371
21/12/2015;2015;21;12;2;4;4372
22/12/2015;2015;22;12;3;4;4373
23/12/2015;2015;23;12;4;4;4374
24/12/2015;2015;24;12;5;4;4375
25/12/2015;2015;25;12;6;4;4376
26/12/2015;2015;26;12;7;4;4377
27/12/2015;2015;27;12;1;4;4378
28/12/2015;2015;28;12;2;4;4379
29/12/2015;2015;29;12;3;4;4380
30/12/2015;2015;30;12;4;4;4381
31/12/2015;2015;31;12;5;4;4382
01/01/2016;2016;1;1;6;1;4383
02/01/2016;2016;2;1;7;1;4384
03/01/2016;2016;3;1;1;1;4385
04/01/2016;2016;4;1;2;1;4386
05/01/2016;2016;5;1;3;1;4387
06/01/2016;2016;6;1;4;1;4388
07/01/2016;2016;7;1;5;1;4389
08/01/2016;2016;8;1;6;1;4390
09/01/2016;2016;9;1;7;1;4391
10/01/2016;2016;10;1;1;1;4392
11/01/2016;2016;11;1;2;1;4393
12/01/2016;2016;12;1;3;1;4394
13/01/2016;2016;13;1;4;1;4395
14/01/2016;2016;14;1;5;1;4396
15/01/2016;2016;15;1;6;1;4397
16/01/2016;2016;16;1;7;1;4398
17/01/2016;2016;17;1;1;1;4399
18/01/2016;2016;18;1;2;1;4400
19/01/2016;2016;19;1;3;1;4401
20/01/2016;2016;20;1;4;1;4402
21/01/2016;2016;21;1;5;1;4403
22/01/2016;2016;22;1;6;1;4404
23/01/2016;2016;23;1;7;1;4405
24/01/2016;2016;24;1;1;1;4406
25/01/2016;2016;25;1;2;1;4407
26/01/2016;2016;26;1;3;1;4408
27/01/2016;2016;27;1;4;1;4409
28/01/2016;2016;28;1;5;1;4410
29/01/2016;2016;29;1;6;1;4411
30/01/2016;2016;30;1;7;1;4412
31/01/2016;2016;31;1;1;1;4413
01/02/2016;2016;1;2;2;1;4414
02/02/2016;2016;2;2;3;1;4415
03/02/2016;2016;3;2;4;1;4416
04/02/2016;2016;4;2;5;1;4417
05/02/2016;2016;5;2;6;1;4418
06/02/2016;2016;6;2;7;1;4419
07/02/2016;2016;7;2;1;1;4420
08/02/2016;2016;8;2;2;1;4421
09/02/2016;2016;9;2;3;1;4422
10/02/2016;2016;10;2;4;1;4423
11/02/2016;2016;11;2;5;1;4424
12/02/2016;2016;12;2;6;1;4425
13/02/2016;2016;13;2;7;1;4426
14/02/2016;2016;14;2;1;1;4427
15/02/2016;2016;15;2;2;1;4428
16/02/2016;2016;16;2;3;1;4429
17/02/2016;2016;17;2;4;1;4430
18/02/2016;2016;18;2;5;1;4431
19/02/2016;2016;19;2;6;1;4432
20/02/2016;2016;20;2;7;1;4433
21/02/2016;2016;21;2;1;1;4434
22/02/2016;2016;22;2;2;1;4435
23/02/2016;2016;23;2;3;1;4436
24/02/2016;2016;24;2;4;1;4437
25/02/2016;2016;25;2;5;1;4438
26/02/2016;2016;26;2;6;1;4439
27/02/2016;2016;27;2;7;1;4440
28/02/2016;2016;28;2;1;1;4441
29/02/2016;2016;29;2;2;1;4442
01/03/2016;2016;1;3;3;1;4443
02/03/2016;2016;2;3;4;1;4444
03/03/2016;2016;3;3;5;1;4445
04/03/2016;2016;4;3;6;1;4446
05/03/2016;2016;5;3;7;1;4447
06/03/2016;2016;6;3;1;1;4448
07/03/2016;2016;7;3;2;1;4449
08/03/2016;2016;8;3;3;1;4450
09/03/2016;2016;9;3;4;1;4451
10/03/2016;2016;10;3;5;1;4452
11/03/2016;2016;11;3;6;1;4453
12/03/2016;2016;12;3;7;1;4454
13/03/2016;2016;13;3;1;1;4455
14/03/2016;2016;14;3;2;1;4456
15/03/2016;2016;15;3;3;1;4457
16/03/2016;2016;16;3;4;1;4458
17/03/2016;2016;17;3;5;1;4459
18/03/2016;2016;18;3;6;1;4460
19/03/2016;2016;19;3;7;1;4461
20/03/2016;2016;20;3;1;1;4462
21/03/2016;2016;21;3;2;1;4463
22/03/2016;2016;22;3;3;1;4464
23/03/2016;2016;23;3;4;1;4465
24/03/2016;2016;24;3;5;1;4466
25/03/2016;2016;25;3;6;1;4467
26/03/2016;2016;26;3;7;1;4468
27/03/2016;2016;27;3;1;1;4469
28/03/2016;2016;28;3;2;1;4470
29/03/2016;2016;29;3;3;1;4471
30/03/2016;2016;30;3;4;1;4472
31/03/2016;2016;31;3;5;1;4473
01/04/2016;2016;1;4;6;2;4474
02/04/2016;2016;2;4;7;2;4475
03/04/2016;2016;3;4;1;2;4476
04/04/2016;2016;4;4;2;2;4477
05/04/2016;2016;5;4;3;2;4478
06/04/2016;2016;6;4;4;2;4479
07/04/2016;2016;7;4;5;2;4480
08/04/2016;2016;8;4;6;2;4481
09/04/2016;2016;9;4;7;2;4482
10/04/2016;2016;10;4;1;2;4483
11/04/2016;2016;11;4;2;2;4484
12/04/2016;2016;12;4;3;2;4485
13/04/2016;2016;13;4;4;2;4486
14/04/2016;2016;14;4;5;2;4487
15/04/2016;2016;15;4;6;2;4488
16/04/2016;2016;16;4;7;2;4489
17/04/2016;2016;17;4;1;2;4490
18/04/2016;2016;18;4;2;2;4491
19/04/2016;2016;19;4;3;2;4492
20/04/2016;2016;20;4;4;2;4493
21/04/2016;2016;21;4;5;2;4494
22/04/2016;2016;22;4;6;2;4495
23/04/2016;2016;23;4;7;2;4496
24/04/2016;2016;24;4;1;2;4497
25/04/2016;2016;25;4;2;2;4498
26/04/2016;2016;26;4;3;2;4499
27/04/2016;2016;27;4;4;2;4500
28/04/2016;2016;28;4;5;2;4501
29/04/2016;2016;29;4;6;2;4502
30/04/2016;2016;30;4;7;2;4503
01/05/2016;2016;1;5;1;2;4504
02/05/2016;2016;2;5;2;2;4505
03/05/2016;2016;3;5;3;2;4506
04/05/2016;2016;4;5;4;2;4507
05/05/2016;2016;5;5;5;2;4508
06/05/2016;2016;6;5;6;2;4509
07/05/2016;2016;7;5;7;2;4510
08/05/2016;2016;8;5;1;2;4511
09/05/2016;2016;9;5;2;2;4512
10/05/2016;2016;10;5;3;2;4513
11/05/2016;2016;11;5;4;2;4514
12/05/2016;2016;12;5;5;2;4515
13/05/2016;2016;13;5;6;2;4516
14/05/2016;2016;14;5;7;2;4517
15/05/2016;2016;15;5;1;2;4518
16/05/2016;2016;16;5;2;2;4519
17/05/2016;2016;17;5;3;2;4520
18/05/2016;2016;18;5;4;2;4521
19/05/2016;2016;19;5;5;2;4522
20/05/2016;2016;20;5;6;2;4523
21/05/2016;2016;21;5;7;2;4524
22/05/2016;2016;22;5;1;2;4525
23/05/2016;2016;23;5;2;2;4526
24/05/2016;2016;24;5;3;2;4527
25/05/2016;2016;25;5;4;2;4528
26/05/2016;2016;26;5;5;2;4529
27/05/2016;2016;27;5;6;2;4530
28/05/2016;2016;28;5;7;2;4531
29/05/2016;2016;29;5;1;2;4532
30/05/2016;2016;30;5;2;2;4533
31/05/2016;2016;31;5;3;2;4534
01/06/2016;2016;1;6;4;2;4535
02/06/2016;2016;2;6;5;2;4536
03/06/2016;2016;3;6;6;2;4537
04/06/2016;2016;4;6;7;2;4538
05/06/2016;2016;5;6;1;2;4539
06/06/2016;2016;6;6;2;2;4540
07/06/2016;2016;7;6;3;2;4541
08/06/2016;2016;8;6;4;2;4542
09/06/2016;2016;9;6;5;2;4543
10/06/2016;2016;10;6;6;2;4544
11/06/2016;2016;11;6;7;2;4545
12/06/2016;2016;12;6;1;2;4546
13/06/2016;2016;13;6;2;2;4547
14/06/2016;2016;14;6;3;2;4548
15/06/2016;2016;15;6;4;2;4549
16/06/2016;2016;16;6;5;2;4550
17/06/2016;2016;17;6;6;2;4551
18/06/2016;2016;18;6;7;2;4552
19/06/2016;2016;19;6;1;2;4553
20/06/2016;2016;20;6;2;2;4554
21/06/2016;2016;21;6;3;2;4555
22/06/2016;2016;22;6;4;2;4556
23/06/2016;2016;23;6;5;2;4557
24/06/2016;2016;24;6;6;2;4558
25/06/2016;2016;25;6;7;2;4559
26/06/2016;2016;26;6;1;2;4560
27/06/2016;2016;27;6;2;2;4561
28/06/2016;2016;28;6;3;2;4562
29/06/2016;2016;29;6;4;2;4563
30/06/2016;2016;30;6;5;2;4564
01/07/2016;2016;1;7;6;3;4565
02/07/2016;2016;2;7;7;3;4566
03/07/2016;2016;3;7;1;3;4567
04/07/2016;2016;4;7;2;3;4568
05/07/2016;2016;5;7;3;3;4569
06/07/2016;2016;6;7;4;3;4570
07/07/2016;2016;7;7;5;3;4571
08/07/2016;2016;8;7;6;3;4572
09/07/2016;2016;9;7;7;3;4573
10/07/2016;2016;10;7;1;3;4574
11/07/2016;2016;11;7;2;3;4575
12/07/2016;2016;12;7;3;3;4576
13/07/2016;2016;13;7;4;3;4577
14/07/2016;2016;14;7;5;3;4578
15/07/2016;2016;15;7;6;3;4579
16/07/2016;2016;16;7;7;3;4580
17/07/2016;2016;17;7;1;3;4581
18/07/2016;2016;18;7;2;3;4582
19/07/2016;2016;19;7;3;3;4583
20/07/2016;2016;20;7;4;3;4584
21/07/2016;2016;21;7;5;3;4585
22/07/2016;2016;22;7;6;3;4586
23/07/2016;2016;23;7;7;3;4587
24/07/2016;2016;24;7;1;3;4588
25/07/2016;2016;25;7;2;3;4589
26/07/2016;2016;26;7;3;3;4590
27/07/2016;2016;27;7;4;3;4591
28/07/2016;2016;28;7;5;3;4592
29/07/2016;2016;29;7;6;3;4593
30/07/2016;2016;30;7;7;3;4594
31/07/2016;2016;31;7;1;3;4595
01/08/2016;2016;1;8;2;3;4596
02/08/2016;2016;2;8;3;3;4597
03/08/2016;2016;3;8;4;3;4598
04/08/2016;2016;4;8;5;3;4599
05/08/2016;2016;5;8;6;3;4600
06/08/2016;2016;6;8;7;3;4601
07/08/2016;2016;7;8;1;3;4602
08/08/2016;2016;8;8;2;3;4603
09/08/2016;2016;9;8;3;3;4604
10/08/2016;2016;10;8;4;3;4605
11/08/2016;2016;11;8;5;3;4606
12/08/2016;2016;12;8;6;3;4607
13/08/2016;2016;13;8;7;3;4608
14/08/2016;2016;14;8;1;3;4609
15/08/2016;2016;15;8;2;3;4610
16/08/2016;2016;16;8;3;3;4611
17/08/2016;2016;17;8;4;3;4612
18/08/2016;2016;18;8;5;3;4613
19/08/2016;2016;19;8;6;3;4614
20/08/2016;2016;20;8;7;3;4615
21/08/2016;2016;21;8;1;3;4616
22/08/2016;2016;22;8;2;3;4617
23/08/2016;2016;23;8;3;3;4618
24/08/2016;2016;24;8;4;3;4619
25/08/2016;2016;25;8;5;3;4620
26/08/2016;2016;26;8;6;3;4621
27/08/2016;2016;27;8;7;3;4622
28/08/2016;2016;28;8;1;3;4623
29/08/2016;2016;29;8;2;3;4624
30/08/2016;2016;30;8;3;3;4625
31/08/2016;2016;31;8;4;3;4626
01/09/2016;2016;1;9;5;3;4627
02/09/2016;2016;2;9;6;3;4628
03/09/2016;2016;3;9;7;3;4629
04/09/2016;2016;4;9;1;3;4630
05/09/2016;2016;5;9;2;3;4631
06/09/2016;2016;6;9;3;3;4632
07/09/2016;2016;7;9;4;3;4633
08/09/2016;2016;8;9;5;3;4634
09/09/2016;2016;9;9;6;3;4635
10/09/2016;2016;10;9;7;3;4636
11/09/2016;2016;11;9;1;3;4637
12/09/2016;2016;12;9;2;3;4638
13/09/2016;2016;13;9;3;3;4639
14/09/2016;2016;14;9;4;3;4640
15/09/2016;2016;15;9;5;3;4641
16/09/2016;2016;16;9;6;3;4642
17/09/2016;2016;17;9;7;3;4643
18/09/2016;2016;18;9;1;3;4644
19/09/2016;2016;19;9;2;3;4645
20/09/2016;2016;20;9;3;3;4646
21/09/2016;2016;21;9;4;3;4647
22/09/2016;2016;22;9;5;3;4648
23/09/2016;2016;23;9;6;3;4649
24/09/2016;2016;24;9;7;3;4650
25/09/2016;2016;25;9;1;3;4651
26/09/2016;2016;26;9;2;3;4652
27/09/2016;2016;27;9;3;3;4653
28/09/2016;2016;28;9;4;3;4654
29/09/2016;2016;29;9;5;3;4655
30/09/2016;2016;30;9;6;3;4656
01/10/2016;2016;1;10;7;4;4657
02/10/2016;2016;2;10;1;4;4658
03/10/2016;2016;3;10;2;4;4659
04/10/2016;2016;4;10;3;4;4660
05/10/2016;2016;5;10;4;4;4661
06/10/2016;2016;6;10;5;4;4662
07/10/2016;2016;7;10;6;4;4663
08/10/2016;2016;8;10;7;4;4664
09/10/2016;2016;9;10;1;4;4665
10/10/2016;2016;10;10;2;4;4666
11/10/2016;2016;11;10;3;4;4667
12/10/2016;2016;12;10;4;4;4668
13/10/2016;2016;13;10;5;4;4669
14/10/2016;2016;14;10;6;4;4670
15/10/2016;2016;15;10;7;4;4671
16/10/2016;2016;16;10;1;4;4672
17/10/2016;2016;17;10;2;4;4673
18/10/2016;2016;18;10;3;4;4674
19/10/2016;2016;19;10;4;4;4675
20/10/2016;2016;20;10;5;4;4676
21/10/2016;2016;21;10;6;4;4677
22/10/2016;2016;22;10;7;4;4678
23/10/2016;2016;23;10;1;4;4679
24/10/2016;2016;24;10;2;4;4680
25/10/2016;2016;25;10;3;4;4681
26/10/2016;2016;26;10;4;4;4682
27/10/2016;2016;27;10;5;4;4683
28/10/2016;2016;28;10;6;4;4684
29/10/2016;2016;29;10;7;4;4685
30/10/2016;2016;30;10;1;4;4686
31/10/2016;2016;31;10;2;4;4687
01/11/2016;2016;1;11;3;4;4688
02/11/2016;2016;2;11;4;4;4689
03/11/2016;2016;3;11;5;4;4690
04/11/2016;2016;4;11;6;4;4691
05/11/2016;2016;5;11;7;4;4692
06/11/2016;2016;6;11;1;4;4693
07/11/2016;2016;7;11;2;4;4694
08/11/2016;2016;8;11;3;4;4695
09/11/2016;2016;9;11;4;4;4696
10/11/2016;2016;10;11;5;4;4697
11/11/2016;2016;11;11;6;4;4698
12/11/2016;2016;12;11;7;4;4699
13/11/2016;2016;13;11;1;4;4700
14/11/2016;2016;14;11;2;4;4701
15/11/2016;2016;15;11;3;4;4702
16/11/2016;2016;16;11;4;4;4703
17/11/2016;2016;17;11;5;4;4704
18/11/2016;2016;18;11;6;4;4705
19/11/2016;2016;19;11;7;4;4706
20/11/2016;2016;20;11;1;4;4707
21/11/2016;2016;21;11;2;4;4708
22/11/2016;2016;22;11;3;4;4709
23/11/2016;2016;23;11;4;4;4710
24/11/2016;2016;24;11;5;4;4711
25/11/2016;2016;25;11;6;4;4712
26/11/2016;2016;26;11;7;4;4713
27/11/2016;2016;27;11;1;4;4714
28/11/2016;2016;28;11;2;4;4715
29/11/2016;2016;29;11;3;4;4716
30/11/2016;2016;30;11;4;4;4717
01/12/2016;2016;1;12;5;4;4718
02/12/2016;2016;2;12;6;4;4719
03/12/2016;2016;3;12;7;4;4720
04/12/2016;2016;4;12;1;4;4721
05/12/2016;2016;5;12;2;4;4722
06/12/2016;2016;6;12;3;4;4723
07/12/2016;2016;7;12;4;4;4724
08/12/2016;2016;8;12;5;4;4725
09/12/2016;2016;9;12;6;4;4726
10/12/2016;2016;10;12;7;4;4727
11/12/2016;2016;11;12;1;4;4728
12/12/2016;2016;12;12;2;4;4729
13/12/2016;2016;13;12;3;4;4730
14/12/2016;2016;14;12;4;4;4731
15/12/2016;2016;15;12;5;4;4732
16/12/2016;2016;16;12;6;4;4733
17/12/2016;2016;17;12;7;4;4734
18/12/2016;2016;18;12;1;4;4735
19/12/2016;2016;19;12;2;4;4736
20/12/2016;2016;20;12;3;4;4737
21/12/2016;2016;21;12;4;4;4738
22/12/2016;2016;22;12;5;4;4739
23/12/2016;2016;23;12;6;4;4740
24/12/2016;2016;24;12;7;4;4741
25/12/2016;2016;25;12;1;4;4742
26/12/2016;2016;26;12;2;4;4743
27/12/2016;2016;27;12;3;4;4744
28/12/2016;2016;28;12;4;4;4745
29/12/2016;2016;29;12;5;4;4746
30/12/2016;2016;30;12;6;4;4747
31/12/2016;2016;31;12;7;4;4748
01/01/2017;2017;1;1;1;1;4749
02/01/2017;2017;2;1;2;1;4750
03/01/2017;2017;3;1;3;1;4751
04/01/2017;2017;4;1;4;1;4752
05/01/2017;2017;5;1;5;1;4753
06/01/2017;2017;6;1;6;1;4754
07/01/2017;2017;7;1;7;1;4755
08/01/2017;2017;8;1;1;1;4756
09/01/2017;2017;9;1;2;1;4757
10/01/2017;2017;10;1;3;1;4758
11/01/2017;2017;11;1;4;1;4759
12/01/2017;2017;12;1;5;1;4760
13/01/2017;2017;13;1;6;1;4761
14/01/2017;2017;14;1;7;1;4762
15/01/2017;2017;15;1;1;1;4763
16/01/2017;2017;16;1;2;1;4764
17/01/2017;2017;17;1;3;1;4765
18/01/2017;2017;18;1;4;1;4766
19/01/2017;2017;19;1;5;1;4767
20/01/2017;2017;20;1;6;1;4768
21/01/2017;2017;21;1;7;1;4769
22/01/2017;2017;22;1;1;1;4770
23/01/2017;2017;23;1;2;1;4771
24/01/2017;2017;24;1;3;1;4772
25/01/2017;2017;25;1;4;1;4773
26/01/2017;2017;26;1;5;1;4774
27/01/2017;2017;27;1;6;1;4775
28/01/2017;2017;28;1;7;1;4776
29/01/2017;2017;29;1;1;1;4777
30/01/2017;2017;30;1;2;1;4778
31/01/2017;2017;31;1;3;1;4779
01/02/2017;2017;1;2;4;1;4780
02/02/2017;2017;2;2;5;1;4781
03/02/2017;2017;3;2;6;1;4782
04/02/2017;2017;4;2;7;1;4783
05/02/2017;2017;5;2;1;1;4784
06/02/2017;2017;6;2;2;1;4785
07/02/2017;2017;7;2;3;1;4786
08/02/2017;2017;8;2;4;1;4787
09/02/2017;2017;9;2;5;1;4788
10/02/2017;2017;10;2;6;1;4789
11/02/2017;2017;11;2;7;1;4790
12/02/2017;2017;12;2;1;1;4791
13/02/2017;2017;13;2;2;1;4792
14/02/2017;2017;14;2;3;1;4793
15/02/2017;2017;15;2;4;1;4794
16/02/2017;2017;16;2;5;1;4795
17/02/2017;2017;17;2;6;1;4796
18/02/2017;2017;18;2;7;1;4797
19/02/2017;2017;19;2;1;1;4798
20/02/2017;2017;20;2;2;1;4799
21/02/2017;2017;21;2;3;1;4800
22/02/2017;2017;22;2;4;1;4801
23/02/2017;2017;23;2;5;1;4802
24/02/2017;2017;24;2;6;1;4803
25/02/2017;2017;25;2;7;1;4804
26/02/2017;2017;26;2;1;1;4805
27/02/2017;2017;27;2;2;1;4806
28/02/2017;2017;28;2;3;1;4807
01/03/2017;2017;1;3;4;1;4808
02/03/2017;2017;2;3;5;1;4809
03/03/2017;2017;3;3;6;1;4810
04/03/2017;2017;4;3;7;1;4811
05/03/2017;2017;5;3;1;1;4812
06/03/2017;2017;6;3;2;1;4813
07/03/2017;2017;7;3;3;1;4814
08/03/2017;2017;8;3;4;1;4815
09/03/2017;2017;9;3;5;1;4816
10/03/2017;2017;10;3;6;1;4817
11/03/2017;2017;11;3;7;1;4818
12/03/2017;2017;12;3;1;1;4819
13/03/2017;2017;13;3;2;1;4820
14/03/2017;2017;14;3;3;1;4821
15/03/2017;2017;15;3;4;1;4822
16/03/2017;2017;16;3;5;1;4823
17/03/2017;2017;17;3;6;1;4824
18/03/2017;2017;18;3;7;1;4825
19/03/2017;2017;19;3;1;1;4826
20/03/2017;2017;20;3;2;1;4827
21/03/2017;2017;21;3;3;1;4828
22/03/2017;2017;22;3;4;1;4829
23/03/2017;2017;23;3;5;1;4830
24/03/2017;2017;24;3;6;1;4831
25/03/2017;2017;25;3;7;1;4832
26/03/2017;2017;26;3;1;1;4833
27/03/2017;2017;27;3;2;1;4834
28/03/2017;2017;28;3;3;1;4835
29/03/2017;2017;29;3;4;1;4836
30/03/2017;2017;30;3;5;1;4837
31/03/2017;2017;31;3;6;1;4838
01/04/2017;2017;1;4;7;2;4839
02/04/2017;2017;2;4;1;2;4840
03/04/2017;2017;3;4;2;2;4841
04/04/2017;2017;4;4;3;2;4842
05/04/2017;2017;5;4;4;2;4843
06/04/2017;2017;6;4;5;2;4844
07/04/2017;2017;7;4;6;2;4845
08/04/2017;2017;8;4;7;2;4846
09/04/2017;2017;9;4;1;2;4847
10/04/2017;2017;10;4;2;2;4848
11/04/2017;2017;11;4;3;2;4849
12/04/2017;2017;12;4;4;2;4850
13/04/2017;2017;13;4;5;2;4851
14/04/2017;2017;14;4;6;2;4852
15/04/2017;2017;15;4;7;2;4853
16/04/2017;2017;16;4;1;2;4854
17/04/2017;2017;17;4;2;2;4855
18/04/2017;2017;18;4;3;2;4856
19/04/2017;2017;19;4;4;2;4857
20/04/2017;2017;20;4;5;2;4858
21/04/2017;2017;21;4;6;2;4859
22/04/2017;2017;22;4;7;2;4860
23/04/2017;2017;23;4;1;2;4861
24/04/2017;2017;24;4;2;2;4862
25/04/2017;2017;25;4;3;2;4863
26/04/2017;2017;26;4;4;2;4864
27/04/2017;2017;27;4;5;2;4865
28/04/2017;2017;28;4;6;2;4866
29/04/2017;2017;29;4;7;2;4867
30/04/2017;2017;30;4;1;2;4868
01/05/2017;2017;1;5;2;2;4869
02/05/2017;2017;2;5;3;2;4870
03/05/2017;2017;3;5;4;2;4871
04/05/2017;2017;4;5;5;2;4872
05/05/2017;2017;5;5;6;2;4873
06/05/2017;2017;6;5;7;2;4874
07/05/2017;2017;7;5;1;2;4875
08/05/2017;2017;8;5;2;2;4876
09/05/2017;2017;9;5;3;2;4877
10/05/2017;2017;10;5;4;2;4878
11/05/2017;2017;11;5;5;2;4879
12/05/2017;2017;12;5;6;2;4880
13/05/2017;2017;13;5;7;2;4881
14/05/2017;2017;14;5;1;2;4882
15/05/2017;2017;15;5;2;2;4883
16/05/2017;2017;16;5;3;2;4884
17/05/2017;2017;17;5;4;2;4885
18/05/2017;2017;18;5;5;2;4886
19/05/2017;2017;19;5;6;2;4887
20/05/2017;2017;20;5;7;2;4888
21/05/2017;2017;21;5;1;2;4889
22/05/2017;2017;22;5;2;2;4890
23/05/2017;2017;23;5;3;2;4891
24/05/2017;2017;24;5;4;2;4892
25/05/2017;2017;25;5;5;2;4893
26/05/2017;2017;26;5;6;2;4894
27/05/2017;2017;27;5;7;2;4895
28/05/2017;2017;28;5;1;2;4896
29/05/2017;2017;29;5;2;2;4897
30/05/2017;2017;30;5;3;2;4898
31/05/2017;2017;31;5;4;2;4899
01/06/2017;2017;1;6;5;2;4900
02/06/2017;2017;2;6;6;2;4901
03/06/2017;2017;3;6;7;2;4902
04/06/2017;2017;4;6;1;2;4903
05/06/2017;2017;5;6;2;2;4904
06/06/2017;2017;6;6;3;2;4905
07/06/2017;2017;7;6;4;2;4906
08/06/2017;2017;8;6;5;2;4907
09/06/2017;2017;9;6;6;2;4908
10/06/2017;2017;10;6;7;2;4909
11/06/2017;2017;11;6;1;2;4910
12/06/2017;2017;12;6;2;2;4911
13/06/2017;2017;13;6;3;2;4912
14/06/2017;2017;14;6;4;2;4913
15/06/2017;2017;15;6;5;2;4914
16/06/2017;2017;16;6;6;2;4915
17/06/2017;2017;17;6;7;2;4916
18/06/2017;2017;18;6;1;2;4917
19/06/2017;2017;19;6;2;2;4918
20/06/2017;2017;20;6;3;2;4919
21/06/2017;2017;21;6;4;2;4920
22/06/2017;2017;22;6;5;2;4921
23/06/2017;2017;23;6;6;2;4922
24/06/2017;2017;24;6;7;2;4923
25/06/2017;2017;25;6;1;2;4924
26/06/2017;2017;26;6;2;2;4925
27/06/2017;2017;27;6;3;2;4926
28/06/2017;2017;28;6;4;2;4927
29/06/2017;2017;29;6;5;2;4928
30/06/2017;2017;30;6;6;2;4929
01/07/2017;2017;1;7;7;3;4930
02/07/2017;2017;2;7;1;3;4931
03/07/2017;2017;3;7;2;3;4932
04/07/2017;2017;4;7;3;3;4933
05/07/2017;2017;5;7;4;3;4934
06/07/2017;2017;6;7;5;3;4935
07/07/2017;2017;7;7;6;3;4936
08/07/2017;2017;8;7;7;3;4937
09/07/2017;2017;9;7;1;3;4938
10/07/2017;2017;10;7;2;3;4939
11/07/2017;2017;11;7;3;3;4940
12/07/2017;2017;12;7;4;3;4941
13/07/2017;2017;13;7;5;3;4942
14/07/2017;2017;14;7;6;3;4943
15/07/2017;2017;15;7;7;3;4944
16/07/2017;2017;16;7;1;3;4945
17/07/2017;2017;17;7;2;3;4946
18/07/2017;2017;18;7;3;3;4947
19/07/2017;2017;19;7;4;3;4948
20/07/2017;2017;20;7;5;3;4949
21/07/2017;2017;21;7;6;3;4950
22/07/2017;2017;22;7;7;3;4951
23/07/2017;2017;23;7;1;3;4952
24/07/2017;2017;24;7;2;3;4953
25/07/2017;2017;25;7;3;3;4954
26/07/2017;2017;26;7;4;3;4955
27/07/2017;2017;27;7;5;3;4956
28/07/2017;2017;28;7;6;3;4957
29/07/2017;2017;29;7;7;3;4958
30/07/2017;2017;30;7;1;3;4959
31/07/2017;2017;31;7;2;3;4960
01/08/2017;2017;1;8;3;3;4961
02/08/2017;2017;2;8;4;3;4962
03/08/2017;2017;3;8;5;3;4963
04/08/2017;2017;4;8;6;3;4964
05/08/2017;2017;5;8;7;3;4965
06/08/2017;2017;6;8;1;3;4966
07/08/2017;2017;7;8;2;3;4967
08/08/2017;2017;8;8;3;3;4968
09/08/2017;2017;9;8;4;3;4969
10/08/2017;2017;10;8;5;3;4970
11/08/2017;2017;11;8;6;3;4971
12/08/2017;2017;12;8;7;3;4972
13/08/2017;2017;13;8;1;3;4973
14/08/2017;2017;14;8;2;3;4974
15/08/2017;2017;15;8;3;3;4975
16/08/2017;2017;16;8;4;3;4976
17/08/2017;2017;17;8;5;3;4977
18/08/2017;2017;18;8;6;3;4978
19/08/2017;2017;19;8;7;3;4979
20/08/2017;2017;20;8;1;3;4980
21/08/2017;2017;21;8;2;3;4981
22/08/2017;2017;22;8;3;3;4982
23/08/2017;2017;23;8;4;3;4983
24/08/2017;2017;24;8;5;3;4984
25/08/2017;2017;25;8;6;3;4985
26/08/2017;2017;26;8;7;3;4986
27/08/2017;2017;27;8;1;3;4987
28/08/2017;2017;28;8;2;3;4988
29/08/2017;2017;29;8;3;3;4989
30/08/2017;2017;30;8;4;3;4990
31/08/2017;2017;31;8;5;3;4991
01/09/2017;2017;1;9;6;3;4992
02/09/2017;2017;2;9;7;3;4993
03/09/2017;2017;3;9;1;3;4994
04/09/2017;2017;4;9;2;3;4995
05/09/2017;2017;5;9;3;3;4996
06/09/2017;2017;6;9;4;3;4997
07/09/2017;2017;7;9;5;3;4998
08/09/2017;2017;8;9;6;3;4999
09/09/2017;2017;9;9;7;3;5000
10/09/2017;2017;10;9;1;3;5001
11/09/2017;2017;11;9;2;3;5002
12/09/2017;2017;12;9;3;3;5003
13/09/2017;2017;13;9;4;3;5004
14/09/2017;2017;14;9;5;3;5005
15/09/2017;2017;15;9;6;3;5006
16/09/2017;2017;16;9;7;3;5007
17/09/2017;2017;17;9;1;3;5008
18/09/2017;2017;18;9;2;3;5009
19/09/2017;2017;19;9;3;3;5010
20/09/2017;2017;20;9;4;3;5011
21/09/2017;2017;21;9;5;3;5012
22/09/2017;2017;22;9;6;3;5013
23/09/2017;2017;23;9;7;3;5014
24/09/2017;2017;24;9;1;3;5015
25/09/2017;2017;25;9;2;3;5016
26/09/2017;2017;26;9;3;3;5017
27/09/2017;2017;27;9;4;3;5018
28/09/2017;2017;28;9;5;3;5019
29/09/2017;2017;29;9;6;3;5020
30/09/2017;2017;30;9;7;3;5021
01/10/2017;2017;1;10;1;4;5022
02/10/2017;2017;2;10;2;4;5023
03/10/2017;2017;3;10;3;4;5024
04/10/2017;2017;4;10;4;4;5025
05/10/2017;2017;5;10;5;4;5026
06/10/2017;2017;6;10;6;4;5027
07/10/2017;2017;7;10;7;4;5028
08/10/2017;2017;8;10;1;4;5029
09/10/2017;2017;9;10;2;4;5030
10/10/2017;2017;10;10;3;4;5031
11/10/2017;2017;11;10;4;4;5032
12/10/2017;2017;12;10;5;4;5033
13/10/2017;2017;13;10;6;4;5034
14/10/2017;2017;14;10;7;4;5035
15/10/2017;2017;15;10;1;4;5036
16/10/2017;2017;16;10;2;4;5037
17/10/2017;2017;17;10;3;4;5038
18/10/2017;2017;18;10;4;4;5039
19/10/2017;2017;19;10;5;4;5040
20/10/2017;2017;20;10;6;4;5041
21/10/2017;2017;21;10;7;4;5042
22/10/2017;2017;22;10;1;4;5043
23/10/2017;2017;23;10;2;4;5044
24/10/2017;2017;24;10;3;4;5045
25/10/2017;2017;25;10;4;4;5046
26/10/2017;2017;26;10;5;4;5047
27/10/2017;2017;27;10;6;4;5048
28/10/2017;2017;28;10;7;4;5049
29/10/2017;2017;29;10;1;4;5050
30/10/2017;2017;30;10;2;4;5051
31/10/2017;2017;31;10;3;4;5052
01/11/2017;2017;1;11;4;4;5053
02/11/2017;2017;2;11;5;4;5054
03/11/2017;2017;3;11;6;4;5055
04/11/2017;2017;4;11;7;4;5056
05/11/2017;2017;5;11;1;4;5057
06/11/2017;2017;6;11;2;4;5058
07/11/2017;2017;7;11;3;4;5059
08/11/2017;2017;8;11;4;4;5060
09/11/2017;2017;9;11;5;4;5061
10/11/2017;2017;10;11;6;4;5062
11/11/2017;2017;11;11;7;4;5063
12/11/2017;2017;12;11;1;4;5064
13/11/2017;2017;13;11;2;4;5065
14/11/2017;2017;14;11;3;4;5066
15/11/2017;2017;15;11;4;4;5067
16/11/2017;2017;16;11;5;4;5068
17/11/2017;2017;17;11;6;4;5069
18/11/2017;2017;18;11;7;4;5070
19/11/2017;2017;19;11;1;4;5071
20/11/2017;2017;20;11;2;4;5072
21/11/2017;2017;21;11;3;4;5073
22/11/2017;2017;22;11;4;4;5074
23/11/2017;2017;23;11;5;4;5075
24/11/2017;2017;24;11;6;4;5076
25/11/2017;2017;25;11;7;4;5077
26/11/2017;2017;26;11;1;4;5078
27/11/2017;2017;27;11;2;4;5079
28/11/2017;2017;28;11;3;4;5080
29/11/2017;2017;29;11;4;4;5081
30/11/2017;2017;30;11;5;4;5082
01/12/2017;2017;1;12;6;4;5083
02/12/2017;2017;2;12;7;4;5084
03/12/2017;2017;3;12;1;4;5085
04/12/2017;2017;4;12;2;4;5086
05/12/2017;2017;5;12;3;4;5087
06/12/2017;2017;6;12;4;4;5088
07/12/2017;2017;7;12;5;4;5089
08/12/2017;2017;8;12;6;4;5090
09/12/2017;2017;9;12;7;4;5091
10/12/2017;2017;10;12;1;4;5092
11/12/2017;2017;11;12;2;4;5093
12/12/2017;2017;12;12;3;4;5094
13/12/2017;2017;13;12;4;4;5095
14/12/2017;2017;14;12;5;4;5096
15/12/2017;2017;15;12;6;4;5097
16/12/2017;2017;16;12;7;4;5098
17/12/2017;2017;17;12;1;4;5099
18/12/2017;2017;18;12;2;4;5100
19/12/2017;2017;19;12;3;4;5101
20/12/2017;2017;20;12;4;4;5102
21/12/2017;2017;21;12;5;4;5103
22/12/2017;2017;22;12;6;4;5104
23/12/2017;2017;23;12;7;4;5105
24/12/2017;2017;24;12;1;4;5106
25/12/2017;2017;25;12;2;4;5107
26/12/2017;2017;26;12;3;4;5108
27/12/2017;2017;27;12;4;4;5109
28/12/2017;2017;28;12;5;4;5110
29/12/2017;2017;29;12;6;4;5111
30/12/2017;2017;30;12;7;4;5112
31/12/2017;2017;31;12;1;4;5113
01/01/2018;2018;1;1;2;1;5114
02/01/2018;2018;2;1;3;1;5115
03/01/2018;2018;3;1;4;1;5116
04/01/2018;2018;4;1;5;1;5117
05/01/2018;2018;5;1;6;1;5118
06/01/2018;2018;6;1;7;1;5119
07/01/2018;2018;7;1;1;1;5120
08/01/2018;2018;8;1;2;1;5121
09/01/2018;2018;9;1;3;1;5122
10/01/2018;2018;10;1;4;1;5123
11/01/2018;2018;11;1;5;1;5124
12/01/2018;2018;12;1;6;1;5125
13/01/2018;2018;13;1;7;1;5126
14/01/2018;2018;14;1;1;1;5127
15/01/2018;2018;15;1;2;1;5128
16/01/2018;2018;16;1;3;1;5129
17/01/2018;2018;17;1;4;1;5130
18/01/2018;2018;18;1;5;1;5131
19/01/2018;2018;19;1;6;1;5132
20/01/2018;2018;20;1;7;1;5133
21/01/2018;2018;21;1;1;1;5134
22/01/2018;2018;22;1;2;1;5135
23/01/2018;2018;23;1;3;1;5136
24/01/2018;2018;24;1;4;1;5137
25/01/2018;2018;25;1;5;1;5138
26/01/2018;2018;26;1;6;1;5139
27/01/2018;2018;27;1;7;1;5140
28/01/2018;2018;28;1;1;1;5141
29/01/2018;2018;29;1;2;1;5142
30/01/2018;2018;30;1;3;1;5143
31/01/2018;2018;31;1;4;1;5144
01/02/2018;2018;1;2;5;1;5145
02/02/2018;2018;2;2;6;1;5146
03/02/2018;2018;3;2;7;1;5147
04/02/2018;2018;4;2;1;1;5148
05/02/2018;2018;5;2;2;1;5149
06/02/2018;2018;6;2;3;1;5150
07/02/2018;2018;7;2;4;1;5151
08/02/2018;2018;8;2;5;1;5152
09/02/2018;2018;9;2;6;1;5153
10/02/2018;2018;10;2;7;1;5154
11/02/2018;2018;11;2;1;1;5155
12/02/2018;2018;12;2;2;1;5156
13/02/2018;2018;13;2;3;1;5157
14/02/2018;2018;14;2;4;1;5158
15/02/2018;2018;15;2;5;1;5159
16/02/2018;2018;16;2;6;1;5160
17/02/2018;2018;17;2;7;1;5161
18/02/2018;2018;18;2;1;1;5162
19/02/2018;2018;19;2;2;1;5163
20/02/2018;2018;20;2;3;1;5164
21/02/2018;2018;21;2;4;1;5165
22/02/2018;2018;22;2;5;1;5166
23/02/2018;2018;23;2;6;1;5167
24/02/2018;2018;24;2;7;1;5168
25/02/2018;2018;25;2;1;1;5169
26/02/2018;2018;26;2;2;1;5170
27/02/2018;2018;27;2;3;1;5171
28/02/2018;2018;28;2;4;1;5172
01/03/2018;2018;1;3;5;1;5173
02/03/2018;2018;2;3;6;1;5174
03/03/2018;2018;3;3;7;1;5175
04/03/2018;2018;4;3;1;1;5176
05/03/2018;2018;5;3;2;1;5177
06/03/2018;2018;6;3;3;1;5178
07/03/2018;2018;7;3;4;1;5179
08/03/2018;2018;8;3;5;1;5180
09/03/2018;2018;9;3;6;1;5181
10/03/2018;2018;10;3;7;1;5182
11/03/2018;2018;11;3;1;1;5183
12/03/2018;2018;12;3;2;1;5184
13/03/2018;2018;13;3;3;1;5185
14/03/2018;2018;14;3;4;1;5186
15/03/2018;2018;15;3;5;1;5187
16/03/2018;2018;16;3;6;1;5188
17/03/2018;2018;17;3;7;1;5189
18/03/2018;2018;18;3;1;1;5190
19/03/2018;2018;19;3;2;1;5191
20/03/2018;2018;20;3;3;1;5192
21/03/2018;2018;21;3;4;1;5193
22/03/2018;2018;22;3;5;1;5194
23/03/2018;2018;23;3;6;1;5195
24/03/2018;2018;24;3;7;1;5196
25/03/2018;2018;25;3;1;1;5197
26/03/2018;2018;26;3;2;1;5198
27/03/2018;2018;27;3;3;1;5199
28/03/2018;2018;28;3;4;1;5200
29/03/2018;2018;29;3;5;1;5201
30/03/2018;2018;30;3;6;1;5202
31/03/2018;2018;31;3;7;1;5203
01/04/2018;2018;1;4;1;2;5204
02/04/2018;2018;2;4;2;2;5205
03/04/2018;2018;3;4;3;2;5206
04/04/2018;2018;4;4;4;2;5207
05/04/2018;2018;5;4;5;2;5208
06/04/2018;2018;6;4;6;2;5209
07/04/2018;2018;7;4;7;2;5210
08/04/2018;2018;8;4;1;2;5211
09/04/2018;2018;9;4;2;2;5212
10/04/2018;2018;10;4;3;2;5213
11/04/2018;2018;11;4;4;2;5214
12/04/2018;2018;12;4;5;2;5215
13/04/2018;2018;13;4;6;2;5216
14/04/2018;2018;14;4;7;2;5217
15/04/2018;2018;15;4;1;2;5218
16/04/2018;2018;16;4;2;2;5219
17/04/2018;2018;17;4;3;2;5220
18/04/2018;2018;18;4;4;2;5221
19/04/2018;2018;19;4;5;2;5222
20/04/2018;2018;20;4;6;2;5223
21/04/2018;2018;21;4;7;2;5224
22/04/2018;2018;22;4;1;2;5225
23/04/2018;2018;23;4;2;2;5226
24/04/2018;2018;24;4;3;2;5227
25/04/2018;2018;25;4;4;2;5228
26/04/2018;2018;26;4;5;2;5229
27/04/2018;2018;27;4;6;2;5230
28/04/2018;2018;28;4;7;2;5231
29/04/2018;2018;29;4;1;2;5232
30/04/2018;2018;30;4;2;2;5233
01/05/2018;2018;1;5;3;2;5234
02/05/2018;2018;2;5;4;2;5235
03/05/2018;2018;3;5;5;2;5236
04/05/2018;2018;4;5;6;2;5237
05/05/2018;2018;5;5;7;2;5238
06/05/2018;2018;6;5;1;2;5239
07/05/2018;2018;7;5;2;2;5240
08/05/2018;2018;8;5;3;2;5241
09/05/2018;2018;9;5;4;2;5242
10/05/2018;2018;10;5;5;2;5243
11/05/2018;2018;11;5;6;2;5244
12/05/2018;2018;12;5;7;2;5245
13/05/2018;2018;13;5;1;2;5246
14/05/2018;2018;14;5;2;2;5247
15/05/2018;2018;15;5;3;2;5248
16/05/2018;2018;16;5;4;2;5249
17/05/2018;2018;17;5;5;2;5250
18/05/2018;2018;18;5;6;2;5251
19/05/2018;2018;19;5;7;2;5252
20/05/2018;2018;20;5;1;2;5253
21/05/2018;2018;21;5;2;2;5254
22/05/2018;2018;22;5;3;2;5255
23/05/2018;2018;23;5;4;2;5256
24/05/2018;2018;24;5;5;2;5257
25/05/2018;2018;25;5;6;2;5258
26/05/2018;2018;26;5;7;2;5259
27/05/2018;2018;27;5;1;2;5260
28/05/2018;2018;28;5;2;2;5261
29/05/2018;2018;29;5;3;2;5262
30/05/2018;2018;30;5;4;2;5263
31/05/2018;2018;31;5;5;2;5264
01/06/2018;2018;1;6;6;2;5265
02/06/2018;2018;2;6;7;2;5266
03/06/2018;2018;3;6;1;2;5267
04/06/2018;2018;4;6;2;2;5268
05/06/2018;2018;5;6;3;2;5269
06/06/2018;2018;6;6;4;2;5270
07/06/2018;2018;7;6;5;2;5271
08/06/2018;2018;8;6;6;2;5272
09/06/2018;2018;9;6;7;2;5273
10/06/2018;2018;10;6;1;2;5274
11/06/2018;2018;11;6;2;2;5275
12/06/2018;2018;12;6;3;2;5276
13/06/2018;2018;13;6;4;2;5277
14/06/2018;2018;14;6;5;2;5278
15/06/2018;2018;15;6;6;2;5279
16/06/2018;2018;16;6;7;2;5280
17/06/2018;2018;17;6;1;2;5281
18/06/2018;2018;18;6;2;2;5282
19/06/2018;2018;19;6;3;2;5283
20/06/2018;2018;20;6;4;2;5284
21/06/2018;2018;21;6;5;2;5285
22/06/2018;2018;22;6;6;2;5286
23/06/2018;2018;23;6;7;2;5287
24/06/2018;2018;24;6;1;2;5288
25/06/2018;2018;25;6;2;2;5289
26/06/2018;2018;26;6;3;2;5290
27/06/2018;2018;27;6;4;2;5291
28/06/2018;2018;28;6;5;2;5292
29/06/2018;2018;29;6;6;2;5293
30/06/2018;2018;30;6;7;2;5294
01/07/2018;2018;1;7;1;3;5295
02/07/2018;2018;2;7;2;3;5296
03/07/2018;2018;3;7;3;3;5297
04/07/2018;2018;4;7;4;3;5298
05/07/2018;2018;5;7;5;3;5299
06/07/2018;2018;6;7;6;3;5300
07/07/2018;2018;7;7;7;3;5301
08/07/2018;2018;8;7;1;3;5302
09/07/2018;2018;9;7;2;3;5303
10/07/2018;2018;10;7;3;3;5304
11/07/2018;2018;11;7;4;3;5305
12/07/2018;2018;12;7;5;3;5306
13/07/2018;2018;13;7;6;3;5307
14/07/2018;2018;14;7;7;3;5308
15/07/2018;2018;15;7;1;3;5309
16/07/2018;2018;16;7;2;3;5310
17/07/2018;2018;17;7;3;3;5311
18/07/2018;2018;18;7;4;3;5312
19/07/2018;2018;19;7;5;3;5313
20/07/2018;2018;20;7;6;3;5314
21/07/2018;2018;21;7;7;3;5315
22/07/2018;2018;22;7;1;3;5316
23/07/2018;2018;23;7;2;3;5317
24/07/2018;2018;24;7;3;3;5318
25/07/2018;2018;25;7;4;3;5319
26/07/2018;2018;26;7;5;3;5320
27/07/2018;2018;27;7;6;3;5321
28/07/2018;2018;28;7;7;3;5322
29/07/2018;2018;29;7;1;3;5323
30/07/2018;2018;30;7;2;3;5324
31/07/2018;2018;31;7;3;3;5325
01/08/2018;2018;1;8;4;3;5326
02/08/2018;2018;2;8;5;3;5327
03/08/2018;2018;3;8;6;3;5328
04/08/2018;2018;4;8;7;3;5329
05/08/2018;2018;5;8;1;3;5330
06/08/2018;2018;6;8;2;3;5331
07/08/2018;2018;7;8;3;3;5332
08/08/2018;2018;8;8;4;3;5333
09/08/2018;2018;9;8;5;3;5334
10/08/2018;2018;10;8;6;3;5335
11/08/2018;2018;11;8;7;3;5336
12/08/2018;2018;12;8;1;3;5337
13/08/2018;2018;13;8;2;3;5338
14/08/2018;2018;14;8;3;3;5339
15/08/2018;2018;15;8;4;3;5340
16/08/2018;2018;16;8;5;3;5341
17/08/2018;2018;17;8;6;3;5342
18/08/2018;2018;18;8;7;3;5343
19/08/2018;2018;19;8;1;3;5344
20/08/2018;2018;20;8;2;3;5345
21/08/2018;2018;21;8;3;3;5346
22/08/2018;2018;22;8;4;3;5347
23/08/2018;2018;23;8;5;3;5348
24/08/2018;2018;24;8;6;3;5349
25/08/2018;2018;25;8;7;3;5350
26/08/2018;2018;26;8;1;3;5351
27/08/2018;2018;27;8;2;3;5352
28/08/2018;2018;28;8;3;3;5353
29/08/2018;2018;29;8;4;3;5354
30/08/2018;2018;30;8;5;3;5355
31/08/2018;2018;31;8;6;3;5356
01/09/2018;2018;1;9;7;3;5357
02/09/2018;2018;2;9;1;3;5358
03/09/2018;2018;3;9;2;3;5359
04/09/2018;2018;4;9;3;3;5360
05/09/2018;2018;5;9;4;3;5361
06/09/2018;2018;6;9;5;3;5362
07/09/2018;2018;7;9;6;3;5363
08/09/2018;2018;8;9;7;3;5364
09/09/2018;2018;9;9;1;3;5365
10/09/2018;2018;10;9;2;3;5366
11/09/2018;2018;11;9;3;3;5367
12/09/2018;2018;12;9;4;3;5368
13/09/2018;2018;13;9;5;3;5369
14/09/2018;2018;14;9;6;3;5370
15/09/2018;2018;15;9;7;3;5371
16/09/2018;2018;16;9;1;3;5372
17/09/2018;2018;17;9;2;3;5373
18/09/2018;2018;18;9;3;3;5374
19/09/2018;2018;19;9;4;3;5375
20/09/2018;2018;20;9;5;3;5376
21/09/2018;2018;21;9;6;3;5377
22/09/2018;2018;22;9;7;3;5378
23/09/2018;2018;23;9;1;3;5379
24/09/2018;2018;24;9;2;3;5380
25/09/2018;2018;25;9;3;3;5381
26/09/2018;2018;26;9;4;3;5382
27/09/2018;2018;27;9;5;3;5383
28/09/2018;2018;28;9;6;3;5384
29/09/2018;2018;29;9;7;3;5385
30/09/2018;2018;30;9;1;3;5386
01/10/2018;2018;1;10;2;4;5387
02/10/2018;2018;2;10;3;4;5388
03/10/2018;2018;3;10;4;4;5389
04/10/2018;2018;4;10;5;4;5390
05/10/2018;2018;5;10;6;4;5391
06/10/2018;2018;6;10;7;4;5392
07/10/2018;2018;7;10;1;4;5393
08/10/2018;2018;8;10;2;4;5394
09/10/2018;2018;9;10;3;4;5395
10/10/2018;2018;10;10;4;4;5396
11/10/2018;2018;11;10;5;4;5397
12/10/2018;2018;12;10;6;4;5398
13/10/2018;2018;13;10;7;4;5399
14/10/2018;2018;14;10;1;4;5400
15/10/2018;2018;15;10;2;4;5401
16/10/2018;2018;16;10;3;4;5402
17/10/2018;2018;17;10;4;4;5403
18/10/2018;2018;18;10;5;4;5404
19/10/2018;2018;19;10;6;4;5405
20/10/2018;2018;20;10;7;4;5406
21/10/2018;2018;21;10;1;4;5407
22/10/2018;2018;22;10;2;4;5408
23/10/2018;2018;23;10;3;4;5409
24/10/2018;2018;24;10;4;4;5410
25/10/2018;2018;25;10;5;4;5411
26/10/2018;2018;26;10;6;4;5412
27/10/2018;2018;27;10;7;4;5413
28/10/2018;2018;28;10;1;4;5414
29/10/2018;2018;29;10;2;4;5415
30/10/2018;2018;30;10;3;4;5416
31/10/2018;2018;31;10;4;4;5417
01/11/2018;2018;1;11;5;4;5418
02/11/2018;2018;2;11;6;4;5419
03/11/2018;2018;3;11;7;4;5420
04/11/2018;2018;4;11;1;4;5421
05/11/2018;2018;5;11;2;4;5422
06/11/2018;2018;6;11;3;4;5423
07/11/2018;2018;7;11;4;4;5424
08/11/2018;2018;8;11;5;4;5425
09/11/2018;2018;9;11;6;4;5426
10/11/2018;2018;10;11;7;4;5427
11/11/2018;2018;11;11;1;4;5428
12/11/2018;2018;12;11;2;4;5429
13/11/2018;2018;13;11;3;4;5430
14/11/2018;2018;14;11;4;4;5431
15/11/2018;2018;15;11;5;4;5432
16/11/2018;2018;16;11;6;4;5433
17/11/2018;2018;17;11;7;4;5434
18/11/2018;2018;18;11;1;4;5435
19/11/2018;2018;19;11;2;4;5436
20/11/2018;2018;20;11;3;4;5437
21/11/2018;2018;21;11;4;4;5438
22/11/2018;2018;22;11;5;4;5439
23/11/2018;2018;23;11;6;4;5440
24/11/2018;2018;24;11;7;4;5441
25/11/2018;2018;25;11;1;4;5442
26/11/2018;2018;26;11;2;4;5443
27/11/2018;2018;27;11;3;4;5444
28/11/2018;2018;28;11;4;4;5445
29/11/2018;2018;29;11;5;4;5446
30/11/2018;2018;30;11;6;4;5447
01/12/2018;2018;1;12;7;4;5448
02/12/2018;2018;2;12;1;4;5449
03/12/2018;2018;3;12;2;4;5450
04/12/2018;2018;4;12;3;4;5451
05/12/2018;2018;5;12;4;4;5452
06/12/2018;2018;6;12;5;4;5453
07/12/2018;2018;7;12;6;4;5454
08/12/2018;2018;8;12;7;4;5455
09/12/2018;2018;9;12;1;4;5456
10/12/2018;2018;10;12;2;4;5457
11/12/2018;2018;11;12;3;4;5458
12/12/2018;2018;12;12;4;4;5459
13/12/2018;2018;13;12;5;4;5460
14/12/2018;2018;14;12;6;4;5461
15/12/2018;2018;15;12;7;4;5462
16/12/2018;2018;16;12;1;4;5463
17/12/2018;2018;17;12;2;4;5464
18/12/2018;2018;18;12;3;4;5465
19/12/2018;2018;19;12;4;4;5466
20/12/2018;2018;20;12;5;4;5467
21/12/2018;2018;21;12;6;4;5468
22/12/2018;2018;22;12;7;4;5469
23/12/2018;2018;23;12;1;4;5470
24/12/2018;2018;24;12;2;4;5471
25/12/2018;2018;25;12;3;4;5472
26/12/2018;2018;26;12;4;4;5473
27/12/2018;2018;27;12;5;4;5474
28/12/2018;2018;28;12;6;4;5475
29/12/2018;2018;29;12;7;4;5476
30/12/2018;2018;30;12;1;4;5477
31/12/2018;2018;31;12;2;4;5478
01/01/2019;2019;1;1;3;1;5479
02/01/2019;2019;2;1;4;1;5480
03/01/2019;2019;3;1;5;1;5481
04/01/2019;2019;4;1;6;1;5482
05/01/2019;2019;5;1;7;1;5483
06/01/2019;2019;6;1;1;1;5484
07/01/2019;2019;7;1;2;1;5485
08/01/2019;2019;8;1;3;1;5486
09/01/2019;2019;9;1;4;1;5487
10/01/2019;2019;10;1;5;1;5488
11/01/2019;2019;11;1;6;1;5489
12/01/2019;2019;12;1;7;1;5490
13/01/2019;2019;13;1;1;1;5491
14/01/2019;2019;14;1;2;1;5492
15/01/2019;2019;15;1;3;1;5493
16/01/2019;2019;16;1;4;1;5494
17/01/2019;2019;17;1;5;1;5495
18/01/2019;2019;18;1;6;1;5496
19/01/2019;2019;19;1;7;1;5497
20/01/2019;2019;20;1;1;1;5498
21/01/2019;2019;21;1;2;1;5499
22/01/2019;2019;22;1;3;1;5500
23/01/2019;2019;23;1;4;1;5501
24/01/2019;2019;24;1;5;1;5502
25/01/2019;2019;25;1;6;1;5503
26/01/2019;2019;26;1;7;1;5504
27/01/2019;2019;27;1;1;1;5505
28/01/2019;2019;28;1;2;1;5506
29/01/2019;2019;29;1;3;1;5507
30/01/2019;2019;30;1;4;1;5508
31/01/2019;2019;31;1;5;1;5509
01/02/2019;2019;1;2;6;1;5510
02/02/2019;2019;2;2;7;1;5511
03/02/2019;2019;3;2;1;1;5512
04/02/2019;2019;4;2;2;1;5513
05/02/2019;2019;5;2;3;1;5514
06/02/2019;2019;6;2;4;1;5515
07/02/2019;2019;7;2;5;1;5516
08/02/2019;2019;8;2;6;1;5517
09/02/2019;2019;9;2;7;1;5518
10/02/2019;2019;10;2;1;1;5519
11/02/2019;2019;11;2;2;1;5520
12/02/2019;2019;12;2;3;1;5521
13/02/2019;2019;13;2;4;1;5522
14/02/2019;2019;14;2;5;1;5523
15/02/2019;2019;15;2;6;1;5524
16/02/2019;2019;16;2;7;1;5525
17/02/2019;2019;17;2;1;1;5526
18/02/2019;2019;18;2;2;1;5527
19/02/2019;2019;19;2;3;1;5528
20/02/2019;2019;20;2;4;1;5529
21/02/2019;2019;21;2;5;1;5530
22/02/2019;2019;22;2;6;1;5531
23/02/2019;2019;23;2;7;1;5532
24/02/2019;2019;24;2;1;1;5533
25/02/2019;2019;25;2;2;1;5534
26/02/2019;2019;26;2;3;1;5535
27/02/2019;2019;27;2;4;1;5536
28/02/2019;2019;28;2;5;1;5537
01/03/2019;2019;1;3;6;1;5538
02/03/2019;2019;2;3;7;1;5539
03/03/2019;2019;3;3;1;1;5540
04/03/2019;2019;4;3;2;1;5541
05/03/2019;2019;5;3;3;1;5542
06/03/2019;2019;6;3;4;1;5543
07/03/2019;2019;7;3;5;1;5544
08/03/2019;2019;8;3;6;1;5545
09/03/2019;2019;9;3;7;1;5546
10/03/2019;2019;10;3;1;1;5547
11/03/2019;2019;11;3;2;1;5548
12/03/2019;2019;12;3;3;1;5549
13/03/2019;2019;13;3;4;1;5550
14/03/2019;2019;14;3;5;1;5551
15/03/2019;2019;15;3;6;1;5552
16/03/2019;2019;16;3;7;1;5553
17/03/2019;2019;17;3;1;1;5554
18/03/2019;2019;18;3;2;1;5555
19/03/2019;2019;19;3;3;1;5556
20/03/2019;2019;20;3;4;1;5557
21/03/2019;2019;21;3;5;1;5558
22/03/2019;2019;22;3;6;1;5559
23/03/2019;2019;23;3;7;1;5560
24/03/2019;2019;24;3;1;1;5561
25/03/2019;2019;25;3;2;1;5562
26/03/2019;2019;26;3;3;1;5563
27/03/2019;2019;27;3;4;1;5564
28/03/2019;2019;28;3;5;1;5565
29/03/2019;2019;29;3;6;1;5566
30/03/2019;2019;30;3;7;1;5567
31/03/2019;2019;31;3;1;1;5568
01/04/2019;2019;1;4;2;2;5569
02/04/2019;2019;2;4;3;2;5570
03/04/2019;2019;3;4;4;2;5571
04/04/2019;2019;4;4;5;2;5572
05/04/2019;2019;5;4;6;2;5573
06/04/2019;2019;6;4;7;2;5574
07/04/2019;2019;7;4;1;2;5575
08/04/2019;2019;8;4;2;2;5576
09/04/2019;2019;9;4;3;2;5577
10/04/2019;2019;10;4;4;2;5578
11/04/2019;2019;11;4;5;2;5579
12/04/2019;2019;12;4;6;2;5580
13/04/2019;2019;13;4;7;2;5581
14/04/2019;2019;14;4;1;2;5582
15/04/2019;2019;15;4;2;2;5583
16/04/2019;2019;16;4;3;2;5584
17/04/2019;2019;17;4;4;2;5585
18/04/2019;2019;18;4;5;2;5586
19/04/2019;2019;19;4;6;2;5587
20/04/2019;2019;20;4;7;2;5588
21/04/2019;2019;21;4;1;2;5589
22/04/2019;2019;22;4;2;2;5590
23/04/2019;2019;23;4;3;2;5591
24/04/2019;2019;24;4;4;2;5592
25/04/2019;2019;25;4;5;2;5593
26/04/2019;2019;26;4;6;2;5594
27/04/2019;2019;27;4;7;2;5595
28/04/2019;2019;28;4;1;2;5596
29/04/2019;2019;29;4;2;2;5597
30/04/2019;2019;30;4;3;2;5598
01/05/2019;2019;1;5;4;2;5599
02/05/2019;2019;2;5;5;2;5600
03/05/2019;2019;3;5;6;2;5601
04/05/2019;2019;4;5;7;2;5602
05/05/2019;2019;5;5;1;2;5603
06/05/2019;2019;6;5;2;2;5604
07/05/2019;2019;7;5;3;2;5605
08/05/2019;2019;8;5;4;2;5606
09/05/2019;2019;9;5;5;2;5607
10/05/2019;2019;10;5;6;2;5608
11/05/2019;2019;11;5;7;2;5609
12/05/2019;2019;12;5;1;2;5610
13/05/2019;2019;13;5;2;2;5611
14/05/2019;2019;14;5;3;2;5612
15/05/2019;2019;15;5;4;2;5613
16/05/2019;2019;16;5;5;2;5614
17/05/2019;2019;17;5;6;2;5615
18/05/2019;2019;18;5;7;2;5616
19/05/2019;2019;19;5;1;2;5617
20/05/2019;2019;20;5;2;2;5618
21/05/2019;2019;21;5;3;2;5619
22/05/2019;2019;22;5;4;2;5620
23/05/2019;2019;23;5;5;2;5621
24/05/2019;2019;24;5;6;2;5622
25/05/2019;2019;25;5;7;2;5623
26/05/2019;2019;26;5;1;2;5624
27/05/2019;2019;27;5;2;2;5625
28/05/2019;2019;28;5;3;2;5626
29/05/2019;2019;29;5;4;2;5627
30/05/2019;2019;30;5;5;2;5628
31/05/2019;2019;31;5;6;2;5629
01/06/2019;2019;1;6;7;2;5630
02/06/2019;2019;2;6;1;2;5631
03/06/2019;2019;3;6;2;2;5632
04/06/2019;2019;4;6;3;2;5633
05/06/2019;2019;5;6;4;2;5634
06/06/2019;2019;6;6;5;2;5635
07/06/2019;2019;7;6;6;2;5636
08/06/2019;2019;8;6;7;2;5637
09/06/2019;2019;9;6;1;2;5638
10/06/2019;2019;10;6;2;2;5639
11/06/2019;2019;11;6;3;2;5640
12/06/2019;2019;12;6;4;2;5641
13/06/2019;2019;13;6;5;2;5642
14/06/2019;2019;14;6;6;2;5643
15/06/2019;2019;15;6;7;2;5644
16/06/2019;2019;16;6;1;2;5645
17/06/2019;2019;17;6;2;2;5646
18/06/2019;2019;18;6;3;2;5647
19/06/2019;2019;19;6;4;2;5648
20/06/2019;2019;20;6;5;2;5649
21/06/2019;2019;21;6;6;2;5650
22/06/2019;2019;22;6;7;2;5651
23/06/2019;2019;23;6;1;2;5652
24/06/2019;2019;24;6;2;2;5653
25/06/2019;2019;25;6;3;2;5654
26/06/2019;2019;26;6;4;2;5655
27/06/2019;2019;27;6;5;2;5656
28/06/2019;2019;28;6;6;2;5657
29/06/2019;2019;29;6;7;2;5658
30/06/2019;2019;30;6;1;2;5659
01/07/2019;2019;1;7;2;3;5660
02/07/2019;2019;2;7;3;3;5661
03/07/2019;2019;3;7;4;3;5662
04/07/2019;2019;4;7;5;3;5663
05/07/2019;2019;5;7;6;3;5664
06/07/2019;2019;6;7;7;3;5665
07/07/2019;2019;7;7;1;3;5666
08/07/2019;2019;8;7;2;3;5667
09/07/2019;2019;9;7;3;3;5668
10/07/2019;2019;10;7;4;3;5669
11/07/2019;2019;11;7;5;3;5670
12/07/2019;2019;12;7;6;3;5671
13/07/2019;2019;13;7;7;3;5672
14/07/2019;2019;14;7;1;3;5673
15/07/2019;2019;15;7;2;3;5674
16/07/2019;2019;16;7;3;3;5675
17/07/2019;2019;17;7;4;3;5676
18/07/2019;2019;18;7;5;3;5677
19/07/2019;2019;19;7;6;3;5678
20/07/2019;2019;20;7;7;3;5679
21/07/2019;2019;21;7;1;3;5680
22/07/2019;2019;22;7;2;3;5681
23/07/2019;2019;23;7;3;3;5682
24/07/2019;2019;24;7;4;3;5683
25/07/2019;2019;25;7;5;3;5684
26/07/2019;2019;26;7;6;3;5685
27/07/2019;2019;27;7;7;3;5686
28/07/2019;2019;28;7;1;3;5687
29/07/2019;2019;29;7;2;3;5688
30/07/2019;2019;30;7;3;3;5689
31/07/2019;2019;31;7;4;3;5690
01/08/2019;2019;1;8;5;3;5691
02/08/2019;2019;2;8;6;3;5692
03/08/2019;2019;3;8;7;3;5693
04/08/2019;2019;4;8;1;3;5694
05/08/2019;2019;5;8;2;3;5695
06/08/2019;2019;6;8;3;3;5696
07/08/2019;2019;7;8;4;3;5697
08/08/2019;2019;8;8;5;3;5698
09/08/2019;2019;9;8;6;3;5699
10/08/2019;2019;10;8;7;3;5700
11/08/2019;2019;11;8;1;3;5701
12/08/2019;2019;12;8;2;3;5702
13/08/2019;2019;13;8;3;3;5703
14/08/2019;2019;14;8;4;3;5704
15/08/2019;2019;15;8;5;3;5705
16/08/2019;2019;16;8;6;3;5706
17/08/2019;2019;17;8;7;3;5707
18/08/2019;2019;18;8;1;3;5708
19/08/2019;2019;19;8;2;3;5709
20/08/2019;2019;20;8;3;3;5710
21/08/2019;2019;21;8;4;3;5711
22/08/2019;2019;22;8;5;3;5712
23/08/2019;2019;23;8;6;3;5713
24/08/2019;2019;24;8;7;3;5714
25/08/2019;2019;25;8;1;3;5715
26/08/2019;2019;26;8;2;3;5716
27/08/2019;2019;27;8;3;3;5717
28/08/2019;2019;28;8;4;3;5718
29/08/2019;2019;29;8;5;3;5719
30/08/2019;2019;30;8;6;3;5720
31/08/2019;2019;31;8;7;3;5721
01/09/2019;2019;1;9;1;3;5722
02/09/2019;2019;2;9;2;3;5723
03/09/2019;2019;3;9;3;3;5724
04/09/2019;2019;4;9;4;3;5725
05/09/2019;2019;5;9;5;3;5726
06/09/2019;2019;6;9;6;3;5727
07/09/2019;2019;7;9;7;3;5728
08/09/2019;2019;8;9;1;3;5729
09/09/2019;2019;9;9;2;3;5730
10/09/2019;2019;10;9;3;3;5731
11/09/2019;2019;11;9;4;3;5732
12/09/2019;2019;12;9;5;3;5733
13/09/2019;2019;13;9;6;3;5734
14/09/2019;2019;14;9;7;3;5735
15/09/2019;2019;15;9;1;3;5736
16/09/2019;2019;16;9;2;3;5737
17/09/2019;2019;17;9;3;3;5738
18/09/2019;2019;18;9;4;3;5739
19/09/2019;2019;19;9;5;3;5740
20/09/2019;2019;20;9;6;3;5741
21/09/2019;2019;21;9;7;3;5742
22/09/2019;2019;22;9;1;3;5743
23/09/2019;2019;23;9;2;3;5744
24/09/2019;2019;24;9;3;3;5745
25/09/2019;2019;25;9;4;3;5746
26/09/2019;2019;26;9;5;3;5747
27/09/2019;2019;27;9;6;3;5748
28/09/2019;2019;28;9;7;3;5749
29/09/2019;2019;29;9;1;3;5750
30/09/2019;2019;30;9;2;3;5751
01/10/2019;2019;1;10;3;4;5752
02/10/2019;2019;2;10;4;4;5753
03/10/2019;2019;3;10;5;4;5754
04/10/2019;2019;4;10;6;4;5755
05/10/2019;2019;5;10;7;4;5756
06/10/2019;2019;6;10;1;4;5757
07/10/2019;2019;7;10;2;4;5758
08/10/2019;2019;8;10;3;4;5759
09/10/2019;2019;9;10;4;4;5760
10/10/2019;2019;10;10;5;4;5761
11/10/2019;2019;11;10;6;4;5762
12/10/2019;2019;12;10;7;4;5763
13/10/2019;2019;13;10;1;4;5764
14/10/2019;2019;14;10;2;4;5765
15/10/2019;2019;15;10;3;4;5766
16/10/2019;2019;16;10;4;4;5767
17/10/2019;2019;17;10;5;4;5768
18/10/2019;2019;18;10;6;4;5769
19/10/2019;2019;19;10;7;4;5770
20/10/2019;2019;20;10;1;4;5771
21/10/2019;2019;21;10;2;4;5772
22/10/2019;2019;22;10;3;4;5773
23/10/2019;2019;23;10;4;4;5774
24/10/2019;2019;24;10;5;4;5775
25/10/2019;2019;25;10;6;4;5776
26/10/2019;2019;26;10;7;4;5777
27/10/2019;2019;27;10;1;4;5778
28/10/2019;2019;28;10;2;4;5779
29/10/2019;2019;29;10;3;4;5780
30/10/2019;2019;30;10;4;4;5781
31/10/2019;2019;31;10;5;4;5782
01/11/2019;2019;1;11;6;4;5783
02/11/2019;2019;2;11;7;4;5784
03/11/2019;2019;3;11;1;4;5785
04/11/2019;2019;4;11;2;4;5786
05/11/2019;2019;5;11;3;4;5787
06/11/2019;2019;6;11;4;4;5788
07/11/2019;2019;7;11;5;4;5789
08/11/2019;2019;8;11;6;4;5790
09/11/2019;2019;9;11;7;4;5791
10/11/2019;2019;10;11;1;4;5792
11/11/2019;2019;11;11;2;4;5793
12/11/2019;2019;12;11;3;4;5794
13/11/2019;2019;13;11;4;4;5795
14/11/2019;2019;14;11;5;4;5796
15/11/2019;2019;15;11;6;4;5797
16/11/2019;2019;16;11;7;4;5798
17/11/2019;2019;17;11;1;4;5799
18/11/2019;2019;18;11;2;4;5800
19/11/2019;2019;19;11;3;4;5801
20/11/2019;2019;20;11;4;4;5802
21/11/2019;2019;21;11;5;4;5803
22/11/2019;2019;22;11;6;4;5804
23/11/2019;2019;23;11;7;4;5805
24/11/2019;2019;24;11;1;4;5806
25/11/2019;2019;25;11;2;4;5807
26/11/2019;2019;26;11;3;4;5808
27/11/2019;2019;27;11;4;4;5809
28/11/2019;2019;28;11;5;4;5810
29/11/2019;2019;29;11;6;4;5811
30/11/2019;2019;30;11;7;4;5812
01/12/2019;2019;1;12;1;4;5813
02/12/2019;2019;2;12;2;4;5814
03/12/2019;2019;3;12;3;4;5815
04/12/2019;2019;4;12;4;4;5816
05/12/2019;2019;5;12;5;4;5817
06/12/2019;2019;6;12;6;4;5818
07/12/2019;2019;7;12;7;4;5819
08/12/2019;2019;8;12;1;4;5820
09/12/2019;2019;9;12;2;4;5821
10/12/2019;2019;10;12;3;4;5822
11/12/2019;2019;11;12;4;4;5823
12/12/2019;2019;12;12;5;4;5824
13/12/2019;2019;13;12;6;4;5825
14/12/2019;2019;14;12;7;4;5826
15/12/2019;2019;15;12;1;4;5827
16/12/2019;2019;16;12;2;4;5828
17/12/2019;2019;17;12;3;4;5829
18/12/2019;2019;18;12;4;4;5830
19/12/2019;2019;19;12;5;4;5831
20/12/2019;2019;20;12;6;4;5832
21/12/2019;2019;21;12;7;4;5833
22/12/2019;2019;22;12;1;4;5834
23/12/2019;2019;23;12;2;4;5835
24/12/2019;2019;24;12;3;4;5836
25/12/2019;2019;25;12;4;4;5837
26/12/2019;2019;26;12;5;4;5838
27/12/2019;2019;27;12;6;4;5839
28/12/2019;2019;28;12;7;4;5840
29/12/2019;2019;29;12;1;4;5841
30/12/2019;2019;30;12;2;4;5842
31/12/2019;2019;31;12;3;4;5843
01/01/2020;2020;1;1;4;1;5844
02/01/2020;2020;2;1;5;1;5845
03/01/2020;2020;3;1;6;1;5846
04/01/2020;2020;4;1;7;1;5847
05/01/2020;2020;5;1;1;1;5848
06/01/2020;2020;6;1;2;1;5849
07/01/2020;2020;7;1;3;1;5850
08/01/2020;2020;8;1;4;1;5851
09/01/2020;2020;9;1;5;1;5852
10/01/2020;2020;10;1;6;1;5853
11/01/2020;2020;11;1;7;1;5854
12/01/2020;2020;12;1;1;1;5855
13/01/2020;2020;13;1;2;1;5856
14/01/2020;2020;14;1;3;1;5857
15/01/2020;2020;15;1;4;1;5858
16/01/2020;2020;16;1;5;1;5859
17/01/2020;2020;17;1;6;1;5860
18/01/2020;2020;18;1;7;1;5861
19/01/2020;2020;19;1;1;1;5862
20/01/2020;2020;20;1;2;1;5863
21/01/2020;2020;21;1;3;1;5864
22/01/2020;2020;22;1;4;1;5865
23/01/2020;2020;23;1;5;1;5866
24/01/2020;2020;24;1;6;1;5867
25/01/2020;2020;25;1;7;1;5868
26/01/2020;2020;26;1;1;1;5869
27/01/2020;2020;27;1;2;1;5870
28/01/2020;2020;28;1;3;1;5871
29/01/2020;2020;29;1;4;1;5872
30/01/2020;2020;30;1;5;1;5873
31/01/2020;2020;31;1;6;1;5874
01/02/2020;2020;1;2;7;1;5875
02/02/2020;2020;2;2;1;1;5876
03/02/2020;2020;3;2;2;1;5877
04/02/2020;2020;4;2;3;1;5878
05/02/2020;2020;5;2;4;1;5879
06/02/2020;2020;6;2;5;1;5880
07/02/2020;2020;7;2;6;1;5881
08/02/2020;2020;8;2;7;1;5882
09/02/2020;2020;9;2;1;1;5883
10/02/2020;2020;10;2;2;1;5884
11/02/2020;2020;11;2;3;1;5885
12/02/2020;2020;12;2;4;1;5886
13/02/2020;2020;13;2;5;1;5887
14/02/2020;2020;14;2;6;1;5888
15/02/2020;2020;15;2;7;1;5889
16/02/2020;2020;16;2;1;1;5890
17/02/2020;2020;17;2;2;1;5891
18/02/2020;2020;18;2;3;1;5892
19/02/2020;2020;19;2;4;1;5893
20/02/2020;2020;20;2;5;1;5894
21/02/2020;2020;21;2;6;1;5895
22/02/2020;2020;22;2;7;1;5896
23/02/2020;2020;23;2;1;1;5897
24/02/2020;2020;24;2;2;1;5898
25/02/2020;2020;25;2;3;1;5899
26/02/2020;2020;26;2;4;1;5900
27/02/2020;2020;27;2;5;1;5901
28/02/2020;2020;28;2;6;1;5902
29/02/2020;2020;29;2;7;1;5903
01/03/2020;2020;1;3;1;1;5904
02/03/2020;2020;2;3;2;1;5905
03/03/2020;2020;3;3;3;1;5906
04/03/2020;2020;4;3;4;1;5907
05/03/2020;2020;5;3;5;1;5908
06/03/2020;2020;6;3;6;1;5909
07/03/2020;2020;7;3;7;1;5910
08/03/2020;2020;8;3;1;1;5911
09/03/2020;2020;9;3;2;1;5912
10/03/2020;2020;10;3;3;1;5913
11/03/2020;2020;11;3;4;1;5914
12/03/2020;2020;12;3;5;1;5915
13/03/2020;2020;13;3;6;1;5916
14/03/2020;2020;14;3;7;1;5917
15/03/2020;2020;15;3;1;1;5918
16/03/2020;2020;16;3;2;1;5919
17/03/2020;2020;17;3;3;1;5920
18/03/2020;2020;18;3;4;1;5921
19/03/2020;2020;19;3;5;1;5922
20/03/2020;2020;20;3;6;1;5923
21/03/2020;2020;21;3;7;1;5924
22/03/2020;2020;22;3;1;1;5925
23/03/2020;2020;23;3;2;1;5926
24/03/2020;2020;24;3;3;1;5927
25/03/2020;2020;25;3;4;1;5928
26/03/2020;2020;26;3;5;1;5929
27/03/2020;2020;27;3;6;1;5930
28/03/2020;2020;28;3;7;1;5931
29/03/2020;2020;29;3;1;1;5932
30/03/2020;2020;30;3;2;1;5933
31/03/2020;2020;31;3;3;1;5934
01/04/2020;2020;1;4;4;2;5935
02/04/2020;2020;2;4;5;2;5936
03/04/2020;2020;3;4;6;2;5937
04/04/2020;2020;4;4;7;2;5938
05/04/2020;2020;5;4;1;2;5939
06/04/2020;2020;6;4;2;2;5940
07/04/2020;2020;7;4;3;2;5941
08/04/2020;2020;8;4;4;2;5942
09/04/2020;2020;9;4;5;2;5943
10/04/2020;2020;10;4;6;2;5944
11/04/2020;2020;11;4;7;2;5945
12/04/2020;2020;12;4;1;2;5946
13/04/2020;2020;13;4;2;2;5947
14/04/2020;2020;14;4;3;2;5948
15/04/2020;2020;15;4;4;2;5949
16/04/2020;2020;16;4;5;2;5950
17/04/2020;2020;17;4;6;2;5951
18/04/2020;2020;18;4;7;2;5952
19/04/2020;2020;19;4;1;2;5953
20/04/2020;2020;20;4;2;2;5954
21/04/2020;2020;21;4;3;2;5955
22/04/2020;2020;22;4;4;2;5956
23/04/2020;2020;23;4;5;2;5957
24/04/2020;2020;24;4;6;2;5958
25/04/2020;2020;25;4;7;2;5959
26/04/2020;2020;26;4;1;2;5960
27/04/2020;2020;27;4;2;2;5961
28/04/2020;2020;28;4;3;2;5962
29/04/2020;2020;29;4;4;2;5963
30/04/2020;2020;30;4;5;2;5964
01/05/2020;2020;1;5;6;2;5965
02/05/2020;2020;2;5;7;2;5966
03/05/2020;2020;3;5;1;2;5967
04/05/2020;2020;4;5;2;2;5968
05/05/2020;2020;5;5;3;2;5969
06/05/2020;2020;6;5;4;2;5970
07/05/2020;2020;7;5;5;2;5971
08/05/2020;2020;8;5;6;2;5972
09/05/2020;2020;9;5;7;2;5973
10/05/2020;2020;10;5;1;2;5974
11/05/2020;2020;11;5;2;2;5975
12/05/2020;2020;12;5;3;2;5976
13/05/2020;2020;13;5;4;2;5977
14/05/2020;2020;14;5;5;2;5978
15/05/2020;2020;15;5;6;2;5979
16/05/2020;2020;16;5;7;2;5980
17/05/2020;2020;17;5;1;2;5981
18/05/2020;2020;18;5;2;2;5982
19/05/2020;2020;19;5;3;2;5983
20/05/2020;2020;20;5;4;2;5984
21/05/2020;2020;21;5;5;2;5985
22/05/2020;2020;22;5;6;2;5986
23/05/2020;2020;23;5;7;2;5987
24/05/2020;2020;24;5;1;2;5988
25/05/2020;2020;25;5;2;2;5989
26/05/2020;2020;26;5;3;2;5990
27/05/2020;2020;27;5;4;2;5991
28/05/2020;2020;28;5;5;2;5992
29/05/2020;2020;29;5;6;2;5993
30/05/2020;2020;30;5;7;2;5994
31/05/2020;2020;31;5;1;2;5995
01/06/2020;2020;1;6;2;2;5996
02/06/2020;2020;2;6;3;2;5997
03/06/2020;2020;3;6;4;2;5998
04/06/2020;2020;4;6;5;2;5999
05/06/2020;2020;5;6;6;2;6000
06/06/2020;2020;6;6;7;2;6001
07/06/2020;2020;7;6;1;2;6002
08/06/2020;2020;8;6;2;2;6003
09/06/2020;2020;9;6;3;2;6004
10/06/2020;2020;10;6;4;2;6005
11/06/2020;2020;11;6;5;2;6006
12/06/2020;2020;12;6;6;2;6007
13/06/2020;2020;13;6;7;2;6008
14/06/2020;2020;14;6;1;2;6009
15/06/2020;2020;15;6;2;2;6010
16/06/2020;2020;16;6;3;2;6011
17/06/2020;2020;17;6;4;2;6012
18/06/2020;2020;18;6;5;2;6013
19/06/2020;2020;19;6;6;2;6014
20/06/2020;2020;20;6;7;2;6015
21/06/2020;2020;21;6;1;2;6016
22/06/2020;2020;22;6;2;2;6017
23/06/2020;2020;23;6;3;2;6018
24/06/2020;2020;24;6;4;2;6019
25/06/2020;2020;25;6;5;2;6020
26/06/2020;2020;26;6;6;2;6021
27/06/2020;2020;27;6;7;2;6022
28/06/2020;2020;28;6;1;2;6023
29/06/2020;2020;29;6;2;2;6024
30/06/2020;2020;30;6;3;2;6025
01/07/2020;2020;1;7;4;3;6026
02/07/2020;2020;2;7;5;3;6027
03/07/2020;2020;3;7;6;3;6028
04/07/2020;2020;4;7;7;3;6029
05/07/2020;2020;5;7;1;3;6030
06/07/2020;2020;6;7;2;3;6031
07/07/2020;2020;7;7;3;3;6032
08/07/2020;2020;8;7;4;3;6033
09/07/2020;2020;9;7;5;3;6034
10/07/2020;2020;10;7;6;3;6035
11/07/2020;2020;11;7;7;3;6036
12/07/2020;2020;12;7;1;3;6037
13/07/2020;2020;13;7;2;3;6038
14/07/2020;2020;14;7;3;3;6039
15/07/2020;2020;15;7;4;3;6040
16/07/2020;2020;16;7;5;3;6041
17/07/2020;2020;17;7;6;3;6042
18/07/2020;2020;18;7;7;3;6043
19/07/2020;2020;19;7;1;3;6044
20/07/2020;2020;20;7;2;3;6045
21/07/2020;2020;21;7;3;3;6046
22/07/2020;2020;22;7;4;3;6047
23/07/2020;2020;23;7;5;3;6048
24/07/2020;2020;24;7;6;3;6049
25/07/2020;2020;25;7;7;3;6050
26/07/2020;2020;26;7;1;3;6051
27/07/2020;2020;27;7;2;3;6052
28/07/2020;2020;28;7;3;3;6053
29/07/2020;2020;29;7;4;3;6054
30/07/2020;2020;30;7;5;3;6055
31/07/2020;2020;31;7;6;3;6056
01/08/2020;2020;1;8;7;3;6057
02/08/2020;2020;2;8;1;3;6058
03/08/2020;2020;3;8;2;3;6059
04/08/2020;2020;4;8;3;3;6060
05/08/2020;2020;5;8;4;3;6061
06/08/2020;2020;6;8;5;3;6062
07/08/2020;2020;7;8;6;3;6063
08/08/2020;2020;8;8;7;3;6064
09/08/2020;2020;9;8;1;3;6065
10/08/2020;2020;10;8;2;3;6066
11/08/2020;2020;11;8;3;3;6067
12/08/2020;2020;12;8;4;3;6068
13/08/2020;2020;13;8;5;3;6069
14/08/2020;2020;14;8;6;3;6070
15/08/2020;2020;15;8;7;3;6071
16/08/2020;2020;16;8;1;3;6072
17/08/2020;2020;17;8;2;3;6073
18/08/2020;2020;18;8;3;3;6074
19/08/2020;2020;19;8;4;3;6075
20/08/2020;2020;20;8;5;3;6076
21/08/2020;2020;21;8;6;3;6077
22/08/2020;2020;22;8;7;3;6078
23/08/2020;2020;23;8;1;3;6079
24/08/2020;2020;24;8;2;3;6080
25/08/2020;2020;25;8;3;3;6081
26/08/2020;2020;26;8;4;3;6082
27/08/2020;2020;27;8;5;3;6083
28/08/2020;2020;28;8;6;3;6084
29/08/2020;2020;29;8;7;3;6085
30/08/2020;2020;30;8;1;3;6086
31/08/2020;2020;31;8;2;3;6087
01/09/2020;2020;1;9;3;3;6088
02/09/2020;2020;2;9;4;3;6089
03/09/2020;2020;3;9;5;3;6090
04/09/2020;2020;4;9;6;3;6091
05/09/2020;2020;5;9;7;3;6092
06/09/2020;2020;6;9;1;3;6093
07/09/2020;2020;7;9;2;3;6094
08/09/2020;2020;8;9;3;3;6095
09/09/2020;2020;9;9;4;3;6096
10/09/2020;2020;10;9;5;3;6097
11/09/2020;2020;11;9;6;3;6098
12/09/2020;2020;12;9;7;3;6099
13/09/2020;2020;13;9;1;3;6100
14/09/2020;2020;14;9;2;3;6101
15/09/2020;2020;15;9;3;3;6102
16/09/2020;2020;16;9;4;3;6103
17/09/2020;2020;17;9;5;3;6104
18/09/2020;2020;18;9;6;3;6105
19/09/2020;2020;19;9;7;3;6106
20/09/2020;2020;20;9;1;3;6107
21/09/2020;2020;21;9;2;3;6108
22/09/2020;2020;22;9;3;3;6109
23/09/2020;2020;23;9;4;3;6110
24/09/2020;2020;24;9;5;3;6111
25/09/2020;2020;25;9;6;3;6112
26/09/2020;2020;26;9;7;3;6113
27/09/2020;2020;27;9;1;3;6114
28/09/2020;2020;28;9;2;3;6115
29/09/2020;2020;29;9;3;3;6116
30/09/2020;2020;30;9;4;3;6117
01/10/2020;2020;1;10;5;4;6118
02/10/2020;2020;2;10;6;4;6119
03/10/2020;2020;3;10;7;4;6120
04/10/2020;2020;4;10;1;4;6121
05/10/2020;2020;5;10;2;4;6122
06/10/2020;2020;6;10;3;4;6123
07/10/2020;2020;7;10;4;4;6124
08/10/2020;2020;8;10;5;4;6125
09/10/2020;2020;9;10;6;4;6126
10/10/2020;2020;10;10;7;4;6127
11/10/2020;2020;11;10;1;4;6128
12/10/2020;2020;12;10;2;4;6129
13/10/2020;2020;13;10;3;4;6130
14/10/2020;2020;14;10;4;4;6131
15/10/2020;2020;15;10;5;4;6132
16/10/2020;2020;16;10;6;4;6133
17/10/2020;2020;17;10;7;4;6134
18/10/2020;2020;18;10;1;4;6135
19/10/2020;2020;19;10;2;4;6136
20/10/2020;2020;20;10;3;4;6137
21/10/2020;2020;21;10;4;4;6138
22/10/2020;2020;22;10;5;4;6139
23/10/2020;2020;23;10;6;4;6140
24/10/2020;2020;24;10;7;4;6141
25/10/2020;2020;25;10;1;4;6142
26/10/2020;2020;26;10;2;4;6143
27/10/2020;2020;27;10;3;4;6144
28/10/2020;2020;28;10;4;4;6145
29/10/2020;2020;29;10;5;4;6146
30/10/2020;2020;30;10;6;4;6147
31/10/2020;2020;31;10;7;4;6148
01/11/2020;2020;1;11;1;4;6149
02/11/2020;2020;2;11;2;4;6150
03/11/2020;2020;3;11;3;4;6151
04/11/2020;2020;4;11;4;4;6152
05/11/2020;2020;5;11;5;4;6153
06/11/2020;2020;6;11;6;4;6154
07/11/2020;2020;7;11;7;4;6155
08/11/2020;2020;8;11;1;4;6156
09/11/2020;2020;9;11;2;4;6157
10/11/2020;2020;10;11;3;4;6158
11/11/2020;2020;11;11;4;4;6159
12/11/2020;2020;12;11;5;4;6160
13/11/2020;2020;13;11;6;4;6161
14/11/2020;2020;14;11;7;4;6162
15/11/2020;2020;15;11;1;4;6163
16/11/2020;2020;16;11;2;4;6164
17/11/2020;2020;17;11;3;4;6165
18/11/2020;2020;18;11;4;4;6166
19/11/2020;2020;19;11;5;4;6167
20/11/2020;2020;20;11;6;4;6168
21/11/2020;2020;21;11;7;4;6169
22/11/2020;2020;22;11;1;4;6170
23/11/2020;2020;23;11;2;4;6171
24/11/2020;2020;24;11;3;4;6172
25/11/2020;2020;25;11;4;4;6173
26/11/2020;2020;26;11;5;4;6174
27/11/2020;2020;27;11;6;4;6175
28/11/2020;2020;28;11;7;4;6176
29/11/2020;2020;29;11;1;4;6177
30/11/2020;2020;30;11;2;4;6178
01/12/2020;2020;1;12;3;4;6179
02/12/2020;2020;2;12;4;4;6180
03/12/2020;2020;3;12;5;4;6181
04/12/2020;2020;4;12;6;4;6182
05/12/2020;2020;5;12;7;4;6183
06/12/2020;2020;6;12;1;4;6184
07/12/2020;2020;7;12;2;4;6185
08/12/2020;2020;8;12;3;4;6186
09/12/2020;2020;9;12;4;4;6187
10/12/2020;2020;10;12;5;4;6188
11/12/2020;2020;11;12;6;4;6189
12/12/2020;2020;12;12;7;4;6190
13/12/2020;2020;13;12;1;4;6191
14/12/2020;2020;14;12;2;4;6192
15/12/2020;2020;15;12;3;4;6193
16/12/2020;2020;16;12;4;4;6194
17/12/2020;2020;17;12;5;4;6195
18/12/2020;2020;18;12;6;4;6196
19/12/2020;2020;19;12;7;4;6197
20/12/2020;2020;20;12;1;4;6198
21/12/2020;2020;21;12;2;4;6199
22/12/2020;2020;22;12;3;4;6200
23/12/2020;2020;23;12;4;4;6201
24/12/2020;2020;24;12;5;4;6202
25/12/2020;2020;25;12;6;4;6203
26/12/2020;2020;26;12;7;4;6204
27/12/2020;2020;27;12;1;4;6205
28/12/2020;2020;28;12;2;4;6206
29/12/2020;2020;29;12;3;4;6207
30/12/2020;2020;30;12;4;4;6208
31/12/2020;2020;31;12;5;4;6209
01/01/2021;2021;1;1;6;1;6210
02/01/2021;2021;2;1;7;1;6211
03/01/2021;2021;3;1;1;1;6212
04/01/2021;2021;4;1;2;1;6213
05/01/2021;2021;5;1;3;1;6214
06/01/2021;2021;6;1;4;1;6215
07/01/2021;2021;7;1;5;1;6216
08/01/2021;2021;8;1;6;1;6217
09/01/2021;2021;9;1;7;1;6218
10/01/2021;2021;10;1;1;1;6219
11/01/2021;2021;11;1;2;1;6220
12/01/2021;2021;12;1;3;1;6221
13/01/2021;2021;13;1;4;1;6222
14/01/2021;2021;14;1;5;1;6223
15/01/2021;2021;15;1;6;1;6224
16/01/2021;2021;16;1;7;1;6225
17/01/2021;2021;17;1;1;1;6226
18/01/2021;2021;18;1;2;1;6227
19/01/2021;2021;19;1;3;1;6228
20/01/2021;2021;20;1;4;1;6229
21/01/2021;2021;21;1;5;1;6230
22/01/2021;2021;22;1;6;1;6231
23/01/2021;2021;23;1;7;1;6232
24/01/2021;2021;24;1;1;1;6233
25/01/2021;2021;25;1;2;1;6234
26/01/2021;2021;26;1;3;1;6235
27/01/2021;2021;27;1;4;1;6236
28/01/2021;2021;28;1;5;1;6237
29/01/2021;2021;29;1;6;1;6238
30/01/2021;2021;30;1;7;1;6239
31/01/2021;2021;31;1;1;1;6240
01/02/2021;2021;1;2;2;1;6241
02/02/2021;2021;2;2;3;1;6242
03/02/2021;2021;3;2;4;1;6243
04/02/2021;2021;4;2;5;1;6244
05/02/2021;2021;5;2;6;1;6245
06/02/2021;2021;6;2;7;1;6246
07/02/2021;2021;7;2;1;1;6247
08/02/2021;2021;8;2;2;1;6248
09/02/2021;2021;9;2;3;1;6249
10/02/2021;2021;10;2;4;1;6250
11/02/2021;2021;11;2;5;1;6251
12/02/2021;2021;12;2;6;1;6252
13/02/2021;2021;13;2;7;1;6253
14/02/2021;2021;14;2;1;1;6254
15/02/2021;2021;15;2;2;1;6255
16/02/2021;2021;16;2;3;1;6256
17/02/2021;2021;17;2;4;1;6257
18/02/2021;2021;18;2;5;1;6258
19/02/2021;2021;19;2;6;1;6259
20/02/2021;2021;20;2;7;1;6260
21/02/2021;2021;21;2;1;1;6261
22/02/2021;2021;22;2;2;1;6262
23/02/2021;2021;23;2;3;1;6263
24/02/2021;2021;24;2;4;1;6264
25/02/2021;2021;25;2;5;1;6265
26/02/2021;2021;26;2;6;1;6266
27/02/2021;2021;27;2;7;1;6267
28/02/2021;2021;28;2;1;1;6268
01/03/2021;2021;1;3;2;1;6269
02/03/2021;2021;2;3;3;1;6270
03/03/2021;2021;3;3;4;1;6271
04/03/2021;2021;4;3;5;1;6272
05/03/2021;2021;5;3;6;1;6273
06/03/2021;2021;6;3;7;1;6274
07/03/2021;2021;7;3;1;1;6275
08/03/2021;2021;8;3;2;1;6276
09/03/2021;2021;9;3;3;1;6277
10/03/2021;2021;10;3;4;1;6278
11/03/2021;2021;11;3;5;1;6279
12/03/2021;2021;12;3;6;1;6280
13/03/2021;2021;13;3;7;1;6281
14/03/2021;2021;14;3;1;1;6282
15/03/2021;2021;15;3;2;1;6283
16/03/2021;2021;16;3;3;1;6284
17/03/2021;2021;17;3;4;1;6285
18/03/2021;2021;18;3;5;1;6286
19/03/2021;2021;19;3;6;1;6287
20/03/2021;2021;20;3;7;1;6288
21/03/2021;2021;21;3;1;1;6289
22/03/2021;2021;22;3;2;1;6290
23/03/2021;2021;23;3;3;1;6291
24/03/2021;2021;24;3;4;1;6292
25/03/2021;2021;25;3;5;1;6293
26/03/2021;2021;26;3;6;1;6294
27/03/2021;2021;27;3;7;1;6295
28/03/2021;2021;28;3;1;1;6296
29/03/2021;2021;29;3;2;1;6297
30/03/2021;2021;30;3;3;1;6298
31/03/2021;2021;31;3;4;1;6299
01/04/2021;2021;1;4;5;2;6300
02/04/2021;2021;2;4;6;2;6301
03/04/2021;2021;3;4;7;2;6302
04/04/2021;2021;4;4;1;2;6303
05/04/2021;2021;5;4;2;2;6304
06/04/2021;2021;6;4;3;2;6305
07/04/2021;2021;7;4;4;2;6306
08/04/2021;2021;8;4;5;2;6307
09/04/2021;2021;9;4;6;2;6308
10/04/2021;2021;10;4;7;2;6309
11/04/2021;2021;11;4;1;2;6310
12/04/2021;2021;12;4;2;2;6311
13/04/2021;2021;13;4;3;2;6312
14/04/2021;2021;14;4;4;2;6313
15/04/2021;2021;15;4;5;2;6314
16/04/2021;2021;16;4;6;2;6315
17/04/2021;2021;17;4;7;2;6316
18/04/2021;2021;18;4;1;2;6317
19/04/2021;2021;19;4;2;2;6318
20/04/2021;2021;20;4;3;2;6319
21/04/2021;2021;21;4;4;2;6320
22/04/2021;2021;22;4;5;2;6321
23/04/2021;2021;23;4;6;2;6322
24/04/2021;2021;24;4;7;2;6323
25/04/2021;2021;25;4;1;2;6324
26/04/2021;2021;26;4;2;2;6325
27/04/2021;2021;27;4;3;2;6326
28/04/2021;2021;28;4;4;2;6327
29/04/2021;2021;29;4;5;2;6328
30/04/2021;2021;30;4;6;2;6329
01/05/2021;2021;1;5;7;2;6330
02/05/2021;2021;2;5;1;2;6331
03/05/2021;2021;3;5;2;2;6332
04/05/2021;2021;4;5;3;2;6333
05/05/2021;2021;5;5;4;2;6334
06/05/2021;2021;6;5;5;2;6335
07/05/2021;2021;7;5;6;2;6336
08/05/2021;2021;8;5;7;2;6337
09/05/2021;2021;9;5;1;2;6338
10/05/2021;2021;10;5;2;2;6339
11/05/2021;2021;11;5;3;2;6340
12/05/2021;2021;12;5;4;2;6341
13/05/2021;2021;13;5;5;2;6342
14/05/2021;2021;14;5;6;2;6343
15/05/2021;2021;15;5;7;2;6344
16/05/2021;2021;16;5;1;2;6345
17/05/2021;2021;17;5;2;2;6346
18/05/2021;2021;18;5;3;2;6347
19/05/2021;2021;19;5;4;2;6348
20/05/2021;2021;20;5;5;2;6349
21/05/2021;2021;21;5;6;2;6350
22/05/2021;2021;22;5;7;2;6351
23/05/2021;2021;23;5;1;2;6352
24/05/2021;2021;24;5;2;2;6353
25/05/2021;2021;25;5;3;2;6354
26/05/2021;2021;26;5;4;2;6355
27/05/2021;2021;27;5;5;2;6356
28/05/2021;2021;28;5;6;2;6357
29/05/2021;2021;29;5;7;2;6358
30/05/2021;2021;30;5;1;2;6359
31/05/2021;2021;31;5;2;2;6360
01/06/2021;2021;1;6;3;2;6361
02/06/2021;2021;2;6;4;2;6362
03/06/2021;2021;3;6;5;2;6363
04/06/2021;2021;4;6;6;2;6364
05/06/2021;2021;5;6;7;2;6365
06/06/2021;2021;6;6;1;2;6366
07/06/2021;2021;7;6;2;2;6367
08/06/2021;2021;8;6;3;2;6368
09/06/2021;2021;9;6;4;2;6369
10/06/2021;2021;10;6;5;2;6370
11/06/2021;2021;11;6;6;2;6371
12/06/2021;2021;12;6;7;2;6372
13/06/2021;2021;13;6;1;2;6373
14/06/2021;2021;14;6;2;2;6374
15/06/2021;2021;15;6;3;2;6375
16/06/2021;2021;16;6;4;2;6376
17/06/2021;2021;17;6;5;2;6377
18/06/2021;2021;18;6;6;2;6378
19/06/2021;2021;19;6;7;2;6379
20/06/2021;2021;20;6;1;2;6380
21/06/2021;2021;21;6;2;2;6381
22/06/2021;2021;22;6;3;2;6382
23/06/2021;2021;23;6;4;2;6383
24/06/2021;2021;24;6;5;2;6384
25/06/2021;2021;25;6;6;2;6385
26/06/2021;2021;26;6;7;2;6386
27/06/2021;2021;27;6;1;2;6387
28/06/2021;2021;28;6;2;2;6388
29/06/2021;2021;29;6;3;2;6389
30/06/2021;2021;30;6;4;2;6390
01/07/2021;2021;1;7;5;3;6391
02/07/2021;2021;2;7;6;3;6392
03/07/2021;2021;3;7;7;3;6393
04/07/2021;2021;4;7;1;3;6394
05/07/2021;2021;5;7;2;3;6395
06/07/2021;2021;6;7;3;3;6396
07/07/2021;2021;7;7;4;3;6397
08/07/2021;2021;8;7;5;3;6398
09/07/2021;2021;9;7;6;3;6399
10/07/2021;2021;10;7;7;3;6400
11/07/2021;2021;11;7;1;3;6401
12/07/2021;2021;12;7;2;3;6402
13/07/2021;2021;13;7;3;3;6403
14/07/2021;2021;14;7;4;3;6404
15/07/2021;2021;15;7;5;3;6405
16/07/2021;2021;16;7;6;3;6406
17/07/2021;2021;17;7;7;3;6407
18/07/2021;2021;18;7;1;3;6408
19/07/2021;2021;19;7;2;3;6409
20/07/2021;2021;20;7;3;3;6410
21/07/2021;2021;21;7;4;3;6411
22/07/2021;2021;22;7;5;3;6412
23/07/2021;2021;23;7;6;3;6413
24/07/2021;2021;24;7;7;3;6414
25/07/2021;2021;25;7;1;3;6415
26/07/2021;2021;26;7;2;3;6416
27/07/2021;2021;27;7;3;3;6417
28/07/2021;2021;28;7;4;3;6418
29/07/2021;2021;29;7;5;3;6419
30/07/2021;2021;30;7;6;3;6420
31/07/2021;2021;31;7;7;3;6421
01/08/2021;2021;1;8;1;3;6422
02/08/2021;2021;2;8;2;3;6423
03/08/2021;2021;3;8;3;3;6424
04/08/2021;2021;4;8;4;3;6425
05/08/2021;2021;5;8;5;3;6426
06/08/2021;2021;6;8;6;3;6427
07/08/2021;2021;7;8;7;3;6428
08/08/2021;2021;8;8;1;3;6429
09/08/2021;2021;9;8;2;3;6430
10/08/2021;2021;10;8;3;3;6431
11/08/2021;2021;11;8;4;3;6432
12/08/2021;2021;12;8;5;3;6433
13/08/2021;2021;13;8;6;3;6434
14/08/2021;2021;14;8;7;3;6435
15/08/2021;2021;15;8;1;3;6436
16/08/2021;2021;16;8;2;3;6437
17/08/2021;2021;17;8;3;3;6438
18/08/2021;2021;18;8;4;3;6439
19/08/2021;2021;19;8;5;3;6440
20/08/2021;2021;20;8;6;3;6441
21/08/2021;2021;21;8;7;3;6442
22/08/2021;2021;22;8;1;3;6443
23/08/2021;2021;23;8;2;3;6444
24/08/2021;2021;24;8;3;3;6445
25/08/2021;2021;25;8;4;3;6446
26/08/2021;2021;26;8;5;3;6447
27/08/2021;2021;27;8;6;3;6448
28/08/2021;2021;28;8;7;3;6449
29/08/2021;2021;29;8;1;3;6450
30/08/2021;2021;30;8;2;3;6451
31/08/2021;2021;31;8;3;3;6452
01/09/2021;2021;1;9;4;3;6453
02/09/2021;2021;2;9;5;3;6454
03/09/2021;2021;3;9;6;3;6455
04/09/2021;2021;4;9;7;3;6456
05/09/2021;2021;5;9;1;3;6457
06/09/2021;2021;6;9;2;3;6458
07/09/2021;2021;7;9;3;3;6459
08/09/2021;2021;8;9;4;3;6460
09/09/2021;2021;9;9;5;3;6461
10/09/2021;2021;10;9;6;3;6462
11/09/2021;2021;11;9;7;3;6463
12/09/2021;2021;12;9;1;3;6464
13/09/2021;2021;13;9;2;3;6465
14/09/2021;2021;14;9;3;3;6466
15/09/2021;2021;15;9;4;3;6467
16/09/2021;2021;16;9;5;3;6468
17/09/2021;2021;17;9;6;3;6469
18/09/2021;2021;18;9;7;3;6470
19/09/2021;2021;19;9;1;3;6471
20/09/2021;2021;20;9;2;3;6472
21/09/2021;2021;21;9;3;3;6473
22/09/2021;2021;22;9;4;3;6474
23/09/2021;2021;23;9;5;3;6475
24/09/2021;2021;24;9;6;3;6476
25/09/2021;2021;25;9;7;3;6477
26/09/2021;2021;26;9;1;3;6478
27/09/2021;2021;27;9;2;3;6479
28/09/2021;2021;28;9;3;3;6480
29/09/2021;2021;29;9;4;3;6481
30/09/2021;2021;30;9;5;3;6482
01/10/2021;2021;1;10;6;4;6483
02/10/2021;2021;2;10;7;4;6484
03/10/2021;2021;3;10;1;4;6485
04/10/2021;2021;4;10;2;4;6486
05/10/2021;2021;5;10;3;4;6487
06/10/2021;2021;6;10;4;4;6488
07/10/2021;2021;7;10;5;4;6489
08/10/2021;2021;8;10;6;4;6490
09/10/2021;2021;9;10;7;4;6491
10/10/2021;2021;10;10;1;4;6492
11/10/2021;2021;11;10;2;4;6493
12/10/2021;2021;12;10;3;4;6494
13/10/2021;2021;13;10;4;4;6495
14/10/2021;2021;14;10;5;4;6496
15/10/2021;2021;15;10;6;4;6497
16/10/2021;2021;16;10;7;4;6498
17/10/2021;2021;17;10;1;4;6499
18/10/2021;2021;18;10;2;4;6500
19/10/2021;2021;19;10;3;4;6501
20/10/2021;2021;20;10;4;4;6502
21/10/2021;2021;21;10;5;4;6503
22/10/2021;2021;22;10;6;4;6504
23/10/2021;2021;23;10;7;4;6505
24/10/2021;2021;24;10;1;4;6506
25/10/2021;2021;25;10;2;4;6507
26/10/2021;2021;26;10;3;4;6508
27/10/2021;2021;27;10;4;4;6509
28/10/2021;2021;28;10;5;4;6510
29/10/2021;2021;29;10;6;4;6511
30/10/2021;2021;30;10;7;4;6512
31/10/2021;2021;31;10;1;4;6513
01/11/2021;2021;1;11;2;4;6514
02/11/2021;2021;2;11;3;4;6515
03/11/2021;2021;3;11;4;4;6516
04/11/2021;2021;4;11;5;4;6517
05/11/2021;2021;5;11;6;4;6518
06/11/2021;2021;6;11;7;4;6519
07/11/2021;2021;7;11;1;4;6520
08/11/2021;2021;8;11;2;4;6521
09/11/2021;2021;9;11;3;4;6522
10/11/2021;2021;10;11;4;4;6523
11/11/2021;2021;11;11;5;4;6524
12/11/2021;2021;12;11;6;4;6525
13/11/2021;2021;13;11;7;4;6526
14/11/2021;2021;14;11;1;4;6527
15/11/2021;2021;15;11;2;4;6528
16/11/2021;2021;16;11;3;4;6529
17/11/2021;2021;17;11;4;4;6530
18/11/2021;2021;18;11;5;4;6531
19/11/2021;2021;19;11;6;4;6532
20/11/2021;2021;20;11;7;4;6533
21/11/2021;2021;21;11;1;4;6534
22/11/2021;2021;22;11;2;4;6535
23/11/2021;2021;23;11;3;4;6536
24/11/2021;2021;24;11;4;4;6537
25/11/2021;2021;25;11;5;4;6538
26/11/2021;2021;26;11;6;4;6539
27/11/2021;2021;27;11;7;4;6540
28/11/2021;2021;28;11;1;4;6541
29/11/2021;2021;29;11;2;4;6542
30/11/2021;2021;30;11;3;4;6543
01/12/2021;2021;1;12;4;4;6544
02/12/2021;2021;2;12;5;4;6545
03/12/2021;2021;3;12;6;4;6546
04/12/2021;2021;4;12;7;4;6547
05/12/2021;2021;5;12;1;4;6548
06/12/2021;2021;6;12;2;4;6549
07/12/2021;2021;7;12;3;4;6550
08/12/2021;2021;8;12;4;4;6551
09/12/2021;2021;9;12;5;4;6552
10/12/2021;2021;10;12;6;4;6553
11/12/2021;2021;11;12;7;4;6554
12/12/2021;2021;12;12;1;4;6555
13/12/2021;2021;13;12;2;4;6556
14/12/2021;2021;14;12;3;4;6557
15/12/2021;2021;15;12;4;4;6558
16/12/2021;2021;16;12;5;4;6559
17/12/2021;2021;17;12;6;4;6560
18/12/2021;2021;18;12;7;4;6561
19/12/2021;2021;19;12;1;4;6562
20/12/2021;2021;20;12;2;4;6563
21/12/2021;2021;21;12;3;4;6564
22/12/2021;2021;22;12;4;4;6565
23/12/2021;2021;23;12;5;4;6566
24/12/2021;2021;24;12;6;4;6567
25/12/2021;2021;25;12;7;4;6568
26/12/2021;2021;26;12;1;4;6569
27/12/2021;2021;27;12;2;4;6570
28/12/2021;2021;28;12;3;4;6571
29/12/2021;2021;29;12;4;4;6572
30/12/2021;2021;30;12;5;4;6573
31/12/2021;2021;31;12;6;4;6574
01/01/2022;2022;1;1;7;1;6575
02/01/2022;2022;2;1;1;1;6576
03/01/2022;2022;3;1;2;1;6577
04/01/2022;2022;4;1;3;1;6578
05/01/2022;2022;5;1;4;1;6579
06/01/2022;2022;6;1;5;1;6580
07/01/2022;2022;7;1;6;1;6581
08/01/2022;2022;8;1;7;1;6582
09/01/2022;2022;9;1;1;1;6583
10/01/2022;2022;10;1;2;1;6584
11/01/2022;2022;11;1;3;1;6585
12/01/2022;2022;12;1;4;1;6586
13/01/2022;2022;13;1;5;1;6587
14/01/2022;2022;14;1;6;1;6588
15/01/2022;2022;15;1;7;1;6589
16/01/2022;2022;16;1;1;1;6590
17/01/2022;2022;17;1;2;1;6591
18/01/2022;2022;18;1;3;1;6592
19/01/2022;2022;19;1;4;1;6593
20/01/2022;2022;20;1;5;1;6594
21/01/2022;2022;21;1;6;1;6595
22/01/2022;2022;22;1;7;1;6596
23/01/2022;2022;23;1;1;1;6597
24/01/2022;2022;24;1;2;1;6598
25/01/2022;2022;25;1;3;1;6599
26/01/2022;2022;26;1;4;1;6600
27/01/2022;2022;27;1;5;1;6601
28/01/2022;2022;28;1;6;1;6602
29/01/2022;2022;29;1;7;1;6603
30/01/2022;2022;30;1;1;1;6604
31/01/2022;2022;31;1;2;1;6605
01/02/2022;2022;1;2;3;1;6606
02/02/2022;2022;2;2;4;1;6607
03/02/2022;2022;3;2;5;1;6608
04/02/2022;2022;4;2;6;1;6609
05/02/2022;2022;5;2;7;1;6610
06/02/2022;2022;6;2;1;1;6611
07/02/2022;2022;7;2;2;1;6612
08/02/2022;2022;8;2;3;1;6613
09/02/2022;2022;9;2;4;1;6614
10/02/2022;2022;10;2;5;1;6615
11/02/2022;2022;11;2;6;1;6616
12/02/2022;2022;12;2;7;1;6617
13/02/2022;2022;13;2;1;1;6618
14/02/2022;2022;14;2;2;1;6619
15/02/2022;2022;15;2;3;1;6620
16/02/2022;2022;16;2;4;1;6621
17/02/2022;2022;17;2;5;1;6622
18/02/2022;2022;18;2;6;1;6623
19/02/2022;2022;19;2;7;1;6624
20/02/2022;2022;20;2;1;1;6625
21/02/2022;2022;21;2;2;1;6626
22/02/2022;2022;22;2;3;1;6627
23/02/2022;2022;23;2;4;1;6628
24/02/2022;2022;24;2;5;1;6629
25/02/2022;2022;25;2;6;1;6630
26/02/2022;2022;26;2;7;1;6631
27/02/2022;2022;27;2;1;1;6632
28/02/2022;2022;28;2;2;1;6633
01/03/2022;2022;1;3;3;1;6634
02/03/2022;2022;2;3;4;1;6635
03/03/2022;2022;3;3;5;1;6636
04/03/2022;2022;4;3;6;1;6637
05/03/2022;2022;5;3;7;1;6638
06/03/2022;2022;6;3;1;1;6639
07/03/2022;2022;7;3;2;1;6640
08/03/2022;2022;8;3;3;1;6641
09/03/2022;2022;9;3;4;1;6642
10/03/2022;2022;10;3;5;1;6643
11/03/2022;2022;11;3;6;1;6644
12/03/2022;2022;12;3;7;1;6645
13/03/2022;2022;13;3;1;1;6646
14/03/2022;2022;14;3;2;1;6647
15/03/2022;2022;15;3;3;1;6648
16/03/2022;2022;16;3;4;1;6649
17/03/2022;2022;17;3;5;1;6650
18/03/2022;2022;18;3;6;1;6651
19/03/2022;2022;19;3;7;1;6652
20/03/2022;2022;20;3;1;1;6653
21/03/2022;2022;21;3;2;1;6654
22/03/2022;2022;22;3;3;1;6655
23/03/2022;2022;23;3;4;1;6656
24/03/2022;2022;24;3;5;1;6657
25/03/2022;2022;25;3;6;1;6658
26/03/2022;2022;26;3;7;1;6659
27/03/2022;2022;27;3;1;1;6660
28/03/2022;2022;28;3;2;1;6661
29/03/2022;2022;29;3;3;1;6662
30/03/2022;2022;30;3;4;1;6663
31/03/2022;2022;31;3;5;1;6664
01/04/2022;2022;1;4;6;2;6665
02/04/2022;2022;2;4;7;2;6666
03/04/2022;2022;3;4;1;2;6667
04/04/2022;2022;4;4;2;2;6668
05/04/2022;2022;5;4;3;2;6669
06/04/2022;2022;6;4;4;2;6670
07/04/2022;2022;7;4;5;2;6671
08/04/2022;2022;8;4;6;2;6672
09/04/2022;2022;9;4;7;2;6673
10/04/2022;2022;10;4;1;2;6674
11/04/2022;2022;11;4;2;2;6675
12/04/2022;2022;12;4;3;2;6676
13/04/2022;2022;13;4;4;2;6677
14/04/2022;2022;14;4;5;2;6678
15/04/2022;2022;15;4;6;2;6679
16/04/2022;2022;16;4;7;2;6680
17/04/2022;2022;17;4;1;2;6681
18/04/2022;2022;18;4;2;2;6682
19/04/2022;2022;19;4;3;2;6683
20/04/2022;2022;20;4;4;2;6684
21/04/2022;2022;21;4;5;2;6685
22/04/2022;2022;22;4;6;2;6686
23/04/2022;2022;23;4;7;2;6687
24/04/2022;2022;24;4;1;2;6688
25/04/2022;2022;25;4;2;2;6689
26/04/2022;2022;26;4;3;2;6690
27/04/2022;2022;27;4;4;2;6691
28/04/2022;2022;28;4;5;2;6692
29/04/2022;2022;29;4;6;2;6693
30/04/2022;2022;30;4;7;2;6694
01/05/2022;2022;1;5;1;2;6695
02/05/2022;2022;2;5;2;2;6696
03/05/2022;2022;3;5;3;2;6697
04/05/2022;2022;4;5;4;2;6698
05/05/2022;2022;5;5;5;2;6699
06/05/2022;2022;6;5;6;2;6700
07/05/2022;2022;7;5;7;2;6701
08/05/2022;2022;8;5;1;2;6702
09/05/2022;2022;9;5;2;2;6703
10/05/2022;2022;10;5;3;2;6704
11/05/2022;2022;11;5;4;2;6705
12/05/2022;2022;12;5;5;2;6706
13/05/2022;2022;13;5;6;2;6707
14/05/2022;2022;14;5;7;2;6708
15/05/2022;2022;15;5;1;2;6709
16/05/2022;2022;16;5;2;2;6710
17/05/2022;2022;17;5;3;2;6711
18/05/2022;2022;18;5;4;2;6712
19/05/2022;2022;19;5;5;2;6713
20/05/2022;2022;20;5;6;2;6714
21/05/2022;2022;21;5;7;2;6715
22/05/2022;2022;22;5;1;2;6716
23/05/2022;2022;23;5;2;2;6717
24/05/2022;2022;24;5;3;2;6718
25/05/2022;2022;25;5;4;2;6719
26/05/2022;2022;26;5;5;2;6720
27/05/2022;2022;27;5;6;2;6721
28/05/2022;2022;28;5;7;2;6722
29/05/2022;2022;29;5;1;2;6723
30/05/2022;2022;30;5;2;2;6724
31/05/2022;2022;31;5;3;2;6725
01/06/2022;2022;1;6;4;2;6726
02/06/2022;2022;2;6;5;2;6727
03/06/2022;2022;3;6;6;2;6728
04/06/2022;2022;4;6;7;2;6729
05/06/2022;2022;5;6;1;2;6730
06/06/2022;2022;6;6;2;2;6731
07/06/2022;2022;7;6;3;2;6732
08/06/2022;2022;8;6;4;2;6733
09/06/2022;2022;9;6;5;2;6734
10/06/2022;2022;10;6;6;2;6735
11/06/2022;2022;11;6;7;2;6736
12/06/2022;2022;12;6;1;2;6737
13/06/2022;2022;13;6;2;2;6738
14/06/2022;2022;14;6;3;2;6739
15/06/2022;2022;15;6;4;2;6740
16/06/2022;2022;16;6;5;2;6741
17/06/2022;2022;17;6;6;2;6742
18/06/2022;2022;18;6;7;2;6743
19/06/2022;2022;19;6;1;2;6744
20/06/2022;2022;20;6;2;2;6745
21/06/2022;2022;21;6;3;2;6746
22/06/2022;2022;22;6;4;2;6747
23/06/2022;2022;23;6;5;2;6748
24/06/2022;2022;24;6;6;2;6749
25/06/2022;2022;25;6;7;2;6750
26/06/2022;2022;26;6;1;2;6751
27/06/2022;2022;27;6;2;2;6752
28/06/2022;2022;28;6;3;2;6753
29/06/2022;2022;29;6;4;2;6754
30/06/2022;2022;30;6;5;2;6755
01/07/2022;2022;1;7;6;3;6756
02/07/2022;2022;2;7;7;3;6757
03/07/2022;2022;3;7;1;3;6758
04/07/2022;2022;4;7;2;3;6759
05/07/2022;2022;5;7;3;3;6760
06/07/2022;2022;6;7;4;3;6761
07/07/2022;2022;7;7;5;3;6762
08/07/2022;2022;8;7;6;3;6763
09/07/2022;2022;9;7;7;3;6764
10/07/2022;2022;10;7;1;3;6765
11/07/2022;2022;11;7;2;3;6766
12/07/2022;2022;12;7;3;3;6767
13/07/2022;2022;13;7;4;3;6768
14/07/2022;2022;14;7;5;3;6769
15/07/2022;2022;15;7;6;3;6770
16/07/2022;2022;16;7;7;3;6771
17/07/2022;2022;17;7;1;3;6772
18/07/2022;2022;18;7;2;3;6773
19/07/2022;2022;19;7;3;3;6774
20/07/2022;2022;20;7;4;3;6775
21/07/2022;2022;21;7;5;3;6776
22/07/2022;2022;22;7;6;3;6777
23/07/2022;2022;23;7;7;3;6778
24/07/2022;2022;24;7;1;3;6779
25/07/2022;2022;25;7;2;3;6780
26/07/2022;2022;26;7;3;3;6781
27/07/2022;2022;27;7;4;3;6782
28/07/2022;2022;28;7;5;3;6783
29/07/2022;2022;29;7;6;3;6784
30/07/2022;2022;30;7;7;3;6785
31/07/2022;2022;31;7;1;3;6786
01/08/2022;2022;1;8;2;3;6787
02/08/2022;2022;2;8;3;3;6788
03/08/2022;2022;3;8;4;3;6789
04/08/2022;2022;4;8;5;3;6790
05/08/2022;2022;5;8;6;3;6791
06/08/2022;2022;6;8;7;3;6792
07/08/2022;2022;7;8;1;3;6793
08/08/2022;2022;8;8;2;3;6794
09/08/2022;2022;9;8;3;3;6795
10/08/2022;2022;10;8;4;3;6796
11/08/2022;2022;11;8;5;3;6797
12/08/2022;2022;12;8;6;3;6798
13/08/2022;2022;13;8;7;3;6799
14/08/2022;2022;14;8;1;3;6800
15/08/2022;2022;15;8;2;3;6801
16/08/2022;2022;16;8;3;3;6802
17/08/2022;2022;17;8;4;3;6803
18/08/2022;2022;18;8;5;3;6804
19/08/2022;2022;19;8;6;3;6805
20/08/2022;2022;20;8;7;3;6806
21/08/2022;2022;21;8;1;3;6807
22/08/2022;2022;22;8;2;3;6808
23/08/2022;2022;23;8;3;3;6809
24/08/2022;2022;24;8;4;3;6810
25/08/2022;2022;25;8;5;3;6811
26/08/2022;2022;26;8;6;3;6812
27/08/2022;2022;27;8;7;3;6813
28/08/2022;2022;28;8;1;3;6814
29/08/2022;2022;29;8;2;3;6815
30/08/2022;2022;30;8;3;3;6816
31/08/2022;2022;31;8;4;3;6817
01/09/2022;2022;1;9;5;3;6818
02/09/2022;2022;2;9;6;3;6819
03/09/2022;2022;3;9;7;3;6820
04/09/2022;2022;4;9;1;3;6821
05/09/2022;2022;5;9;2;3;6822
06/09/2022;2022;6;9;3;3;6823
07/09/2022;2022;7;9;4;3;6824
08/09/2022;2022;8;9;5;3;6825
09/09/2022;2022;9;9;6;3;6826
10/09/2022;2022;10;9;7;3;6827
11/09/2022;2022;11;9;1;3;6828
12/09/2022;2022;12;9;2;3;6829
13/09/2022;2022;13;9;3;3;6830
14/09/2022;2022;14;9;4;3;6831
15/09/2022;2022;15;9;5;3;6832
16/09/2022;2022;16;9;6;3;6833
17/09/2022;2022;17;9;7;3;6834
18/09/2022;2022;18;9;1;3;6835
19/09/2022;2022;19;9;2;3;6836
20/09/2022;2022;20;9;3;3;6837
21/09/2022;2022;21;9;4;3;6838
22/09/2022;2022;22;9;5;3;6839
23/09/2022;2022;23;9;6;3;6840
24/09/2022;2022;24;9;7;3;6841
25/09/2022;2022;25;9;1;3;6842
26/09/2022;2022;26;9;2;3;6843
27/09/2022;2022;27;9;3;3;6844
28/09/2022;2022;28;9;4;3;6845
29/09/2022;2022;29;9;5;3;6846
30/09/2022;2022;30;9;6;3;6847
01/10/2022;2022;1;10;7;4;6848
02/10/2022;2022;2;10;1;4;6849
03/10/2022;2022;3;10;2;4;6850
04/10/2022;2022;4;10;3;4;6851
05/10/2022;2022;5;10;4;4;6852
06/10/2022;2022;6;10;5;4;6853
07/10/2022;2022;7;10;6;4;6854
08/10/2022;2022;8;10;7;4;6855
09/10/2022;2022;9;10;1;4;6856
10/10/2022;2022;10;10;2;4;6857
11/10/2022;2022;11;10;3;4;6858
12/10/2022;2022;12;10;4;4;6859
13/10/2022;2022;13;10;5;4;6860
14/10/2022;2022;14;10;6;4;6861
15/10/2022;2022;15;10;7;4;6862
16/10/2022;2022;16;10;1;4;6863
17/10/2022;2022;17;10;2;4;6864
18/10/2022;2022;18;10;3;4;6865
19/10/2022;2022;19;10;4;4;6866
20/10/2022;2022;20;10;5;4;6867
21/10/2022;2022;21;10;6;4;6868
22/10/2022;2022;22;10;7;4;6869
23/10/2022;2022;23;10;1;4;6870
24/10/2022;2022;24;10;2;4;6871
25/10/2022;2022;25;10;3;4;6872
26/10/2022;2022;26;10;4;4;6873
27/10/2022;2022;27;10;5;4;6874
28/10/2022;2022;28;10;6;4;6875
29/10/2022;2022;29;10;7;4;6876
30/10/2022;2022;30;10;1;4;6877
31/10/2022;2022;31;10;2;4;6878
01/11/2022;2022;1;11;3;4;6879
02/11/2022;2022;2;11;4;4;6880
03/11/2022;2022;3;11;5;4;6881
04/11/2022;2022;4;11;6;4;6882
05/11/2022;2022;5;11;7;4;6883
06/11/2022;2022;6;11;1;4;6884
07/11/2022;2022;7;11;2;4;6885
08/11/2022;2022;8;11;3;4;6886
09/11/2022;2022;9;11;4;4;6887
10/11/2022;2022;10;11;5;4;6888
11/11/2022;2022;11;11;6;4;6889
12/11/2022;2022;12;11;7;4;6890
13/11/2022;2022;13;11;1;4;6891
14/11/2022;2022;14;11;2;4;6892
15/11/2022;2022;15;11;3;4;6893
16/11/2022;2022;16;11;4;4;6894
17/11/2022;2022;17;11;5;4;6895
18/11/2022;2022;18;11;6;4;6896
19/11/2022;2022;19;11;7;4;6897
20/11/2022;2022;20;11;1;4;6898
21/11/2022;2022;21;11;2;4;6899
22/11/2022;2022;22;11;3;4;6900
23/11/2022;2022;23;11;4;4;6901
24/11/2022;2022;24;11;5;4;6902
25/11/2022;2022;25;11;6;4;6903
26/11/2022;2022;26;11;7;4;6904
27/11/2022;2022;27;11;1;4;6905
28/11/2022;2022;28;11;2;4;6906
29/11/2022;2022;29;11;3;4;6907
30/11/2022;2022;30;11;4;4;6908
01/12/2022;2022;1;12;5;4;6909
02/12/2022;2022;2;12;6;4;6910
03/12/2022;2022;3;12;7;4;6911
04/12/2022;2022;4;12;1;4;6912
05/12/2022;2022;5;12;2;4;6913
06/12/2022;2022;6;12;3;4;6914
07/12/2022;2022;7;12;4;4;6915
08/12/2022;2022;8;12;5;4;6916
09/12/2022;2022;9;12;6;4;6917
10/12/2022;2022;10;12;7;4;6918
11/12/2022;2022;11;12;1;4;6919
12/12/2022;2022;12;12;2;4;6920
13/12/2022;2022;13;12;3;4;6921
14/12/2022;2022;14;12;4;4;6922
15/12/2022;2022;15;12;5;4;6923
16/12/2022;2022;16;12;6;4;6924
17/12/2022;2022;17;12;7;4;6925
18/12/2022;2022;18;12;1;4;6926
19/12/2022;2022;19;12;2;4;6927
20/12/2022;2022;20;12;3;4;6928
21/12/2022;2022;21;12;4;4;6929
22/12/2022;2022;22;12;5;4;6930
23/12/2022;2022;23;12;6;4;6931
24/12/2022;2022;24;12;7;4;6932
25/12/2022;2022;25;12;1;4;6933
26/12/2022;2022;26;12;2;4;6934
27/12/2022;2022;27;12;3;4;6935
28/12/2022;2022;28;12;4;4;6936
29/12/2022;2022;29;12;5;4;6937
30/12/2022;2022;30;12;6;4;6938
31/12/2022;2022;31;12;7;4;6939
01/01/2023;2023;1;1;1;1;6940
02/01/2023;2023;2;1;2;1;6941
03/01/2023;2023;3;1;3;1;6942
04/01/2023;2023;4;1;4;1;6943
05/01/2023;2023;5;1;5;1;6944
06/01/2023;2023;6;1;6;1;6945
07/01/2023;2023;7;1;7;1;6946
08/01/2023;2023;8;1;1;1;6947
09/01/2023;2023;9;1;2;1;6948
10/01/2023;2023;10;1;3;1;6949
11/01/2023;2023;11;1;4;1;6950
12/01/2023;2023;12;1;5;1;6951
13/01/2023;2023;13;1;6;1;6952
14/01/2023;2023;14;1;7;1;6953
15/01/2023;2023;15;1;1;1;6954
16/01/2023;2023;16;1;2;1;6955
17/01/2023;2023;17;1;3;1;6956
18/01/2023;2023;18;1;4;1;6957
19/01/2023;2023;19;1;5;1;6958
20/01/2023;2023;20;1;6;1;6959
21/01/2023;2023;21;1;7;1;6960
22/01/2023;2023;22;1;1;1;6961
23/01/2023;2023;23;1;2;1;6962
24/01/2023;2023;24;1;3;1;6963
25/01/2023;2023;25;1;4;1;6964
26/01/2023;2023;26;1;5;1;6965
27/01/2023;2023;27;1;6;1;6966
28/01/2023;2023;28;1;7;1;6967
29/01/2023;2023;29;1;1;1;6968
30/01/2023;2023;30;1;2;1;6969
31/01/2023;2023;31;1;3;1;6970
01/02/2023;2023;1;2;4;1;6971
02/02/2023;2023;2;2;5;1;6972
03/02/2023;2023;3;2;6;1;6973
04/02/2023;2023;4;2;7;1;6974
05/02/2023;2023;5;2;1;1;6975
06/02/2023;2023;6;2;2;1;6976
07/02/2023;2023;7;2;3;1;6977
08/02/2023;2023;8;2;4;1;6978
09/02/2023;2023;9;2;5;1;6979
10/02/2023;2023;10;2;6;1;6980
11/02/2023;2023;11;2;7;1;6981
12/02/2023;2023;12;2;1;1;6982
13/02/2023;2023;13;2;2;1;6983
14/02/2023;2023;14;2;3;1;6984
15/02/2023;2023;15;2;4;1;6985
16/02/2023;2023;16;2;5;1;6986
17/02/2023;2023;17;2;6;1;6987
18/02/2023;2023;18;2;7;1;6988
19/02/2023;2023;19;2;1;1;6989
20/02/2023;2023;20;2;2;1;6990
21/02/2023;2023;21;2;3;1;6991
22/02/2023;2023;22;2;4;1;6992
23/02/2023;2023;23;2;5;1;6993
24/02/2023;2023;24;2;6;1;6994
25/02/2023;2023;25;2;7;1;6995
26/02/2023;2023;26;2;1;1;6996
27/02/2023;2023;27;2;2;1;6997
28/02/2023;2023;28;2;3;1;6998
01/03/2023;2023;1;3;4;1;6999
02/03/2023;2023;2;3;5;1;7000
03/03/2023;2023;3;3;6;1;7001
04/03/2023;2023;4;3;7;1;7002
05/03/2023;2023;5;3;1;1;7003
06/03/2023;2023;6;3;2;1;7004
07/03/2023;2023;7;3;3;1;7005
08/03/2023;2023;8;3;4;1;7006
09/03/2023;2023;9;3;5;1;7007
10/03/2023;2023;10;3;6;1;7008
11/03/2023;2023;11;3;7;1;7009
12/03/2023;2023;12;3;1;1;7010
13/03/2023;2023;13;3;2;1;7011
14/03/2023;2023;14;3;3;1;7012
15/03/2023;2023;15;3;4;1;7013
16/03/2023;2023;16;3;5;1;7014
17/03/2023;2023;17;3;6;1;7015
18/03/2023;2023;18;3;7;1;7016
19/03/2023;2023;19;3;1;1;7017
20/03/2023;2023;20;3;2;1;7018
21/03/2023;2023;21;3;3;1;7019
22/03/2023;2023;22;3;4;1;7020
23/03/2023;2023;23;3;5;1;7021
24/03/2023;2023;24;3;6;1;7022
25/03/2023;2023;25;3;7;1;7023
26/03/2023;2023;26;3;1;1;7024
27/03/2023;2023;27;3;2;1;7025
28/03/2023;2023;28;3;3;1;7026
29/03/2023;2023;29;3;4;1;7027
30/03/2023;2023;30;3;5;1;7028
31/03/2023;2023;31;3;6;1;7029
01/04/2023;2023;1;4;7;2;7030
02/04/2023;2023;2;4;1;2;7031
03/04/2023;2023;3;4;2;2;7032
04/04/2023;2023;4;4;3;2;7033
05/04/2023;2023;5;4;4;2;7034
06/04/2023;2023;6;4;5;2;7035
07/04/2023;2023;7;4;6;2;7036
08/04/2023;2023;8;4;7;2;7037
09/04/2023;2023;9;4;1;2;7038
10/04/2023;2023;10;4;2;2;7039
11/04/2023;2023;11;4;3;2;7040
12/04/2023;2023;12;4;4;2;7041
13/04/2023;2023;13;4;5;2;7042
14/04/2023;2023;14;4;6;2;7043
15/04/2023;2023;15;4;7;2;7044
16/04/2023;2023;16;4;1;2;7045
17/04/2023;2023;17;4;2;2;7046
18/04/2023;2023;18;4;3;2;7047
19/04/2023;2023;19;4;4;2;7048
20/04/2023;2023;20;4;5;2;7049
21/04/2023;2023;21;4;6;2;7050
22/04/2023;2023;22;4;7;2;7051
23/04/2023;2023;23;4;1;2;7052
24/04/2023;2023;24;4;2;2;7053
25/04/2023;2023;25;4;3;2;7054
26/04/2023;2023;26;4;4;2;7055
27/04/2023;2023;27;4;5;2;7056
28/04/2023;2023;28;4;6;2;7057
29/04/2023;2023;29;4;7;2;7058
30/04/2023;2023;30;4;1;2;7059
01/05/2023;2023;1;5;2;2;7060
02/05/2023;2023;2;5;3;2;7061
03/05/2023;2023;3;5;4;2;7062
04/05/2023;2023;4;5;5;2;7063
05/05/2023;2023;5;5;6;2;7064
06/05/2023;2023;6;5;7;2;7065
07/05/2023;2023;7;5;1;2;7066
08/05/2023;2023;8;5;2;2;7067
09/05/2023;2023;9;5;3;2;7068
10/05/2023;2023;10;5;4;2;7069
11/05/2023;2023;11;5;5;2;7070
12/05/2023;2023;12;5;6;2;7071
13/05/2023;2023;13;5;7;2;7072
14/05/2023;2023;14;5;1;2;7073
15/05/2023;2023;15;5;2;2;7074
16/05/2023;2023;16;5;3;2;7075
17/05/2023;2023;17;5;4;2;7076
18/05/2023;2023;18;5;5;2;7077
19/05/2023;2023;19;5;6;2;7078
20/05/2023;2023;20;5;7;2;7079
21/05/2023;2023;21;5;1;2;7080
22/05/2023;2023;22;5;2;2;7081
23/05/2023;2023;23;5;3;2;7082
24/05/2023;2023;24;5;4;2;7083
25/05/2023;2023;25;5;5;2;7084
26/05/2023;2023;26;5;6;2;7085
27/05/2023;2023;27;5;7;2;7086
28/05/2023;2023;28;5;1;2;7087
29/05/2023;2023;29;5;2;2;7088
30/05/2023;2023;30;5;3;2;7089
31/05/2023;2023;31;5;4;2;7090
01/06/2023;2023;1;6;5;2;7091
02/06/2023;2023;2;6;6;2;7092
03/06/2023;2023;3;6;7;2;7093
04/06/2023;2023;4;6;1;2;7094
05/06/2023;2023;5;6;2;2;7095
06/06/2023;2023;6;6;3;2;7096
07/06/2023;2023;7;6;4;2;7097
08/06/2023;2023;8;6;5;2;7098
09/06/2023;2023;9;6;6;2;7099
10/06/2023;2023;10;6;7;2;7100
11/06/2023;2023;11;6;1;2;7101
12/06/2023;2023;12;6;2;2;7102
13/06/2023;2023;13;6;3;2;7103
14/06/2023;2023;14;6;4;2;7104
15/06/2023;2023;15;6;5;2;7105
16/06/2023;2023;16;6;6;2;7106
17/06/2023;2023;17;6;7;2;7107
18/06/2023;2023;18;6;1;2;7108
19/06/2023;2023;19;6;2;2;7109
20/06/2023;2023;20;6;3;2;7110
21/06/2023;2023;21;6;4;2;7111
22/06/2023;2023;22;6;5;2;7112
23/06/2023;2023;23;6;6;2;7113
24/06/2023;2023;24;6;7;2;7114
25/06/2023;2023;25;6;1;2;7115
26/06/2023;2023;26;6;2;2;7116
27/06/2023;2023;27;6;3;2;7117
28/06/2023;2023;28;6;4;2;7118
29/06/2023;2023;29;6;5;2;7119
30/06/2023;2023;30;6;6;2;7120
01/07/2023;2023;1;7;7;3;7121
02/07/2023;2023;2;7;1;3;7122
03/07/2023;2023;3;7;2;3;7123
04/07/2023;2023;4;7;3;3;7124
05/07/2023;2023;5;7;4;3;7125
06/07/2023;2023;6;7;5;3;7126
07/07/2023;2023;7;7;6;3;7127
08/07/2023;2023;8;7;7;3;7128
09/07/2023;2023;9;7;1;3;7129
10/07/2023;2023;10;7;2;3;7130
11/07/2023;2023;11;7;3;3;7131
12/07/2023;2023;12;7;4;3;7132
13/07/2023;2023;13;7;5;3;7133
14/07/2023;2023;14;7;6;3;7134
15/07/2023;2023;15;7;7;3;7135
16/07/2023;2023;16;7;1;3;7136
17/07/2023;2023;17;7;2;3;7137
18/07/2023;2023;18;7;3;3;7138
19/07/2023;2023;19;7;4;3;7139
20/07/2023;2023;20;7;5;3;7140
21/07/2023;2023;21;7;6;3;7141
22/07/2023;2023;22;7;7;3;7142
23/07/2023;2023;23;7;1;3;7143
24/07/2023;2023;24;7;2;3;7144
25/07/2023;2023;25;7;3;3;7145
26/07/2023;2023;26;7;4;3;7146
27/07/2023;2023;27;7;5;3;7147
28/07/2023;2023;28;7;6;3;7148
29/07/2023;2023;29;7;7;3;7149
30/07/2023;2023;30;7;1;3;7150
31/07/2023;2023;31;7;2;3;7151
01/08/2023;2023;1;8;3;3;7152
02/08/2023;2023;2;8;4;3;7153
03/08/2023;2023;3;8;5;3;7154
04/08/2023;2023;4;8;6;3;7155
05/08/2023;2023;5;8;7;3;7156
06/08/2023;2023;6;8;1;3;7157
07/08/2023;2023;7;8;2;3;7158
08/08/2023;2023;8;8;3;3;7159
09/08/2023;2023;9;8;4;3;7160
10/08/2023;2023;10;8;5;3;7161
11/08/2023;2023;11;8;6;3;7162
12/08/2023;2023;12;8;7;3;7163
13/08/2023;2023;13;8;1;3;7164
14/08/2023;2023;14;8;2;3;7165
15/08/2023;2023;15;8;3;3;7166
16/08/2023;2023;16;8;4;3;7167
17/08/2023;2023;17;8;5;3;7168
18/08/2023;2023;18;8;6;3;7169
19/08/2023;2023;19;8;7;3;7170
20/08/2023;2023;20;8;1;3;7171
21/08/2023;2023;21;8;2;3;7172
22/08/2023;2023;22;8;3;3;7173
23/08/2023;2023;23;8;4;3;7174
24/08/2023;2023;24;8;5;3;7175
25/08/2023;2023;25;8;6;3;7176
26/08/2023;2023;26;8;7;3;7177
27/08/2023;2023;27;8;1;3;7178
28/08/2023;2023;28;8;2;3;7179
29/08/2023;2023;29;8;3;3;7180
30/08/2023;2023;30;8;4;3;7181
31/08/2023;2023;31;8;5;3;7182
01/09/2023;2023;1;9;6;3;7183
02/09/2023;2023;2;9;7;3;7184
03/09/2023;2023;3;9;1;3;7185
04/09/2023;2023;4;9;2;3;7186
05/09/2023;2023;5;9;3;3;7187
06/09/2023;2023;6;9;4;3;7188
07/09/2023;2023;7;9;5;3;7189
08/09/2023;2023;8;9;6;3;7190
09/09/2023;2023;9;9;7;3;7191
10/09/2023;2023;10;9;1;3;7192
11/09/2023;2023;11;9;2;3;7193
12/09/2023;2023;12;9;3;3;7194
13/09/2023;2023;13;9;4;3;7195
14/09/2023;2023;14;9;5;3;7196
15/09/2023;2023;15;9;6;3;7197
16/09/2023;2023;16;9;7;3;7198
17/09/2023;2023;17;9;1;3;7199
18/09/2023;2023;18;9;2;3;7200
19/09/2023;2023;19;9;3;3;7201
20/09/2023;2023;20;9;4;3;7202
21/09/2023;2023;21;9;5;3;7203
22/09/2023;2023;22;9;6;3;7204
23/09/2023;2023;23;9;7;3;7205
24/09/2023;2023;24;9;1;3;7206
25/09/2023;2023;25;9;2;3;7207
26/09/2023;2023;26;9;3;3;7208
27/09/2023;2023;27;9;4;3;7209
28/09/2023;2023;28;9;5;3;7210
29/09/2023;2023;29;9;6;3;7211
30/09/2023;2023;30;9;7;3;7212
01/10/2023;2023;1;10;1;4;7213
02/10/2023;2023;2;10;2;4;7214
03/10/2023;2023;3;10;3;4;7215
04/10/2023;2023;4;10;4;4;7216
05/10/2023;2023;5;10;5;4;7217
06/10/2023;2023;6;10;6;4;7218
07/10/2023;2023;7;10;7;4;7219
08/10/2023;2023;8;10;1;4;7220
09/10/2023;2023;9;10;2;4;7221
10/10/2023;2023;10;10;3;4;7222
11/10/2023;2023;11;10;4;4;7223
12/10/2023;2023;12;10;5;4;7224
13/10/2023;2023;13;10;6;4;7225
14/10/2023;2023;14;10;7;4;7226
15/10/2023;2023;15;10;1;4;7227
16/10/2023;2023;16;10;2;4;7228
17/10/2023;2023;17;10;3;4;7229
18/10/2023;2023;18;10;4;4;7230
19/10/2023;2023;19;10;5;4;7231
20/10/2023;2023;20;10;6;4;7232
21/10/2023;2023;21;10;7;4;7233
22/10/2023;2023;22;10;1;4;7234
23/10/2023;2023;23;10;2;4;7235
24/10/2023;2023;24;10;3;4;7236
25/10/2023;2023;25;10;4;4;7237
26/10/2023;2023;26;10;5;4;7238
27/10/2023;2023;27;10;6;4;7239
28/10/2023;2023;28;10;7;4;7240
29/10/2023;2023;29;10;1;4;7241
30/10/2023;2023;30;10;2;4;7242
31/10/2023;2023;31;10;3;4;7243
01/11/2023;2023;1;11;4;4;7244
02/11/2023;2023;2;11;5;4;7245
03/11/2023;2023;3;11;6;4;7246
04/11/2023;2023;4;11;7;4;7247
05/11/2023;2023;5;11;1;4;7248
06/11/2023;2023;6;11;2;4;7249
07/11/2023;2023;7;11;3;4;7250
08/11/2023;2023;8;11;4;4;7251
09/11/2023;2023;9;11;5;4;7252
10/11/2023;2023;10;11;6;4;7253
11/11/2023;2023;11;11;7;4;7254
12/11/2023;2023;12;11;1;4;7255
13/11/2023;2023;13;11;2;4;7256
14/11/2023;2023;14;11;3;4;7257
15/11/2023;2023;15;11;4;4;7258
16/11/2023;2023;16;11;5;4;7259
17/11/2023;2023;17;11;6;4;7260
18/11/2023;2023;18;11;7;4;7261
19/11/2023;2023;19;11;1;4;7262
20/11/2023;2023;20;11;2;4;7263
21/11/2023;2023;21;11;3;4;7264
22/11/2023;2023;22;11;4;4;7265
23/11/2023;2023;23;11;5;4;7266
24/11/2023;2023;24;11;6;4;7267
25/11/2023;2023;25;11;7;4;7268
26/11/2023;2023;26;11;1;4;7269
27/11/2023;2023;27;11;2;4;7270
28/11/2023;2023;28;11;3;4;7271
29/11/2023;2023;29;11;4;4;7272
30/11/2023;2023;30;11;5;4;7273
01/12/2023;2023;1;12;6;4;7274
02/12/2023;2023;2;12;7;4;7275
03/12/2023;2023;3;12;1;4;7276
04/12/2023;2023;4;12;2;4;7277
05/12/2023;2023;5;12;3;4;7278
06/12/2023;2023;6;12;4;4;7279
07/12/2023;2023;7;12;5;4;7280
08/12/2023;2023;8;12;6;4;7281
09/12/2023;2023;9;12;7;4;7282
10/12/2023;2023;10;12;1;4;7283
11/12/2023;2023;11;12;2;4;7284
12/12/2023;2023;12;12;3;4;7285
13/12/2023;2023;13;12;4;4;7286
14/12/2023;2023;14;12;5;4;7287
15/12/2023;2023;15;12;6;4;7288
16/12/2023;2023;16;12;7;4;7289
17/12/2023;2023;17;12;1;4;7290
18/12/2023;2023;18;12;2;4;7291
19/12/2023;2023;19;12;3;4;7292
20/12/2023;2023;20;12;4;4;7293
21/12/2023;2023;21;12;5;4;7294
22/12/2023;2023;22;12;6;4;7295
23/12/2023;2023;23;12;7;4;7296
24/12/2023;2023;24;12;1;4;7297
25/12/2023;2023;25;12;2;4;7298
26/12/2023;2023;26;12;3;4;7299
27/12/2023;2023;27;12;4;4;7300
28/12/2023;2023;28;12;5;4;7301
29/12/2023;2023;29;12;6;4;7302
30/12/2023;2023;30;12;7;4;7303
31/12/2023;2023;31;12;1;4;7304
01/01/2024;2024;1;1;2;1;7305
02/01/2024;2024;2;1;3;1;7306
03/01/2024;2024;3;1;4;1;7307
04/01/2024;2024;4;1;5;1;7308
05/01/2024;2024;5;1;6;1;7309
06/01/2024;2024;6;1;7;1;7310
07/01/2024;2024;7;1;1;1;7311
08/01/2024;2024;8;1;2;1;7312
09/01/2024;2024;9;1;3;1;7313
10/01/2024;2024;10;1;4;1;7314
11/01/2024;2024;11;1;5;1;7315
12/01/2024;2024;12;1;6;1;7316
13/01/2024;2024;13;1;7;1;7317
14/01/2024;2024;14;1;1;1;7318
15/01/2024;2024;15;1;2;1;7319
16/01/2024;2024;16;1;3;1;7320
17/01/2024;2024;17;1;4;1;7321
18/01/2024;2024;18;1;5;1;7322
19/01/2024;2024;19;1;6;1;7323
20/01/2024;2024;20;1;7;1;7324
21/01/2024;2024;21;1;1;1;7325
22/01/2024;2024;22;1;2;1;7326
23/01/2024;2024;23;1;3;1;7327
24/01/2024;2024;24;1;4;1;7328
25/01/2024;2024;25;1;5;1;7329
26/01/2024;2024;26;1;6;1;7330
27/01/2024;2024;27;1;7;1;7331
28/01/2024;2024;28;1;1;1;7332
29/01/2024;2024;29;1;2;1;7333
30/01/2024;2024;30;1;3;1;7334
31/01/2024;2024;31;1;4;1;7335
01/02/2024;2024;1;2;5;1;7336
02/02/2024;2024;2;2;6;1;7337
03/02/2024;2024;3;2;7;1;7338
04/02/2024;2024;4;2;1;1;7339
05/02/2024;2024;5;2;2;1;7340
06/02/2024;2024;6;2;3;1;7341
07/02/2024;2024;7;2;4;1;7342
08/02/2024;2024;8;2;5;1;7343
09/02/2024;2024;9;2;6;1;7344
10/02/2024;2024;10;2;7;1;7345
11/02/2024;2024;11;2;1;1;7346
12/02/2024;2024;12;2;2;1;7347
13/02/2024;2024;13;2;3;1;7348
14/02/2024;2024;14;2;4;1;7349
15/02/2024;2024;15;2;5;1;7350
16/02/2024;2024;16;2;6;1;7351
17/02/2024;2024;17;2;7;1;7352
18/02/2024;2024;18;2;1;1;7353
19/02/2024;2024;19;2;2;1;7354
20/02/2024;2024;20;2;3;1;7355
21/02/2024;2024;21;2;4;1;7356
22/02/2024;2024;22;2;5;1;7357
23/02/2024;2024;23;2;6;1;7358
24/02/2024;2024;24;2;7;1;7359
25/02/2024;2024;25;2;1;1;7360
26/02/2024;2024;26;2;2;1;7361
27/02/2024;2024;27;2;3;1;7362
28/02/2024;2024;28;2;4;1;7363
29/02/2024;2024;29;2;5;1;7364
01/03/2024;2024;1;3;6;1;7365
02/03/2024;2024;2;3;7;1;7366
03/03/2024;2024;3;3;1;1;7367
04/03/2024;2024;4;3;2;1;7368
05/03/2024;2024;5;3;3;1;7369
06/03/2024;2024;6;3;4;1;7370
07/03/2024;2024;7;3;5;1;7371
08/03/2024;2024;8;3;6;1;7372
09/03/2024;2024;9;3;7;1;7373
10/03/2024;2024;10;3;1;1;7374
11/03/2024;2024;11;3;2;1;7375
12/03/2024;2024;12;3;3;1;7376
13/03/2024;2024;13;3;4;1;7377
14/03/2024;2024;14;3;5;1;7378
15/03/2024;2024;15;3;6;1;7379
16/03/2024;2024;16;3;7;1;7380
17/03/2024;2024;17;3;1;1;7381
18/03/2024;2024;18;3;2;1;7382
19/03/2024;2024;19;3;3;1;7383
20/03/2024;2024;20;3;4;1;7384
21/03/2024;2024;21;3;5;1;7385
22/03/2024;2024;22;3;6;1;7386
23/03/2024;2024;23;3;7;1;7387
24/03/2024;2024;24;3;1;1;7388
25/03/2024;2024;25;3;2;1;7389
26/03/2024;2024;26;3;3;1;7390
27/03/2024;2024;27;3;4;1;7391
28/03/2024;2024;28;3;5;1;7392
29/03/2024;2024;29;3;6;1;7393
30/03/2024;2024;30;3;7;1;7394
31/03/2024;2024;31;3;1;1;7395
01/04/2024;2024;1;4;2;2;7396
02/04/2024;2024;2;4;3;2;7397
03/04/2024;2024;3;4;4;2;7398
04/04/2024;2024;4;4;5;2;7399
05/04/2024;2024;5;4;6;2;7400
06/04/2024;2024;6;4;7;2;7401
07/04/2024;2024;7;4;1;2;7402
08/04/2024;2024;8;4;2;2;7403
09/04/2024;2024;9;4;3;2;7404
10/04/2024;2024;10;4;4;2;7405
11/04/2024;2024;11;4;5;2;7406
12/04/2024;2024;12;4;6;2;7407
13/04/2024;2024;13;4;7;2;7408
14/04/2024;2024;14;4;1;2;7409
15/04/2024;2024;15;4;2;2;7410
16/04/2024;2024;16;4;3;2;7411
17/04/2024;2024;17;4;4;2;7412
18/04/2024;2024;18;4;5;2;7413
19/04/2024;2024;19;4;6;2;7414
20/04/2024;2024;20;4;7;2;7415
21/04/2024;2024;21;4;1;2;7416
22/04/2024;2024;22;4;2;2;7417
23/04/2024;2024;23;4;3;2;7418
24/04/2024;2024;24;4;4;2;7419
25/04/2024;2024;25;4;5;2;7420
26/04/2024;2024;26;4;6;2;7421
27/04/2024;2024;27;4;7;2;7422
28/04/2024;2024;28;4;1;2;7423
29/04/2024;2024;29;4;2;2;7424
30/04/2024;2024;30;4;3;2;7425
01/05/2024;2024;1;5;4;2;7426
02/05/2024;2024;2;5;5;2;7427
03/05/2024;2024;3;5;6;2;7428
04/05/2024;2024;4;5;7;2;7429
05/05/2024;2024;5;5;1;2;7430
06/05/2024;2024;6;5;2;2;7431
07/05/2024;2024;7;5;3;2;7432
08/05/2024;2024;8;5;4;2;7433
09/05/2024;2024;9;5;5;2;7434
10/05/2024;2024;10;5;6;2;7435
11/05/2024;2024;11;5;7;2;7436
12/05/2024;2024;12;5;1;2;7437
13/05/2024;2024;13;5;2;2;7438
14/05/2024;2024;14;5;3;2;7439
15/05/2024;2024;15;5;4;2;7440
16/05/2024;2024;16;5;5;2;7441
17/05/2024;2024;17;5;6;2;7442
18/05/2024;2024;18;5;7;2;7443
19/05/2024;2024;19;5;1;2;7444
20/05/2024;2024;20;5;2;2;7445
21/05/2024;2024;21;5;3;2;7446
22/05/2024;2024;22;5;4;2;7447
23/05/2024;2024;23;5;5;2;7448
24/05/2024;2024;24;5;6;2;7449
25/05/2024;2024;25;5;7;2;7450
26/05/2024;2024;26;5;1;2;7451
27/05/2024;2024;27;5;2;2;7452
28/05/2024;2024;28;5;3;2;7453
29/05/2024;2024;29;5;4;2;7454
30/05/2024;2024;30;5;5;2;7455
31/05/2024;2024;31;5;6;2;7456
01/06/2024;2024;1;6;7;2;7457
02/06/2024;2024;2;6;1;2;7458
03/06/2024;2024;3;6;2;2;7459
04/06/2024;2024;4;6;3;2;7460
05/06/2024;2024;5;6;4;2;7461
06/06/2024;2024;6;6;5;2;7462
07/06/2024;2024;7;6;6;2;7463
08/06/2024;2024;8;6;7;2;7464
09/06/2024;2024;9;6;1;2;7465
10/06/2024;2024;10;6;2;2;7466
11/06/2024;2024;11;6;3;2;7467
12/06/2024;2024;12;6;4;2;7468
13/06/2024;2024;13;6;5;2;7469
14/06/2024;2024;14;6;6;2;7470
15/06/2024;2024;15;6;7;2;7471
16/06/2024;2024;16;6;1;2;7472
17/06/2024;2024;17;6;2;2;7473
18/06/2024;2024;18;6;3;2;7474
19/06/2024;2024;19;6;4;2;7475
20/06/2024;2024;20;6;5;2;7476
21/06/2024;2024;21;6;6;2;7477
22/06/2024;2024;22;6;7;2;7478
23/06/2024;2024;23;6;1;2;7479
24/06/2024;2024;24;6;2;2;7480
25/06/2024;2024;25;6;3;2;7481
26/06/2024;2024;26;6;4;2;7482
27/06/2024;2024;27;6;5;2;7483
28/06/2024;2024;28;6;6;2;7484
29/06/2024;2024;29;6;7;2;7485
30/06/2024;2024;30;6;1;2;7486
01/07/2024;2024;1;7;2;3;7487
02/07/2024;2024;2;7;3;3;7488
03/07/2024;2024;3;7;4;3;7489
04/07/2024;2024;4;7;5;3;7490
05/07/2024;2024;5;7;6;3;7491
06/07/2024;2024;6;7;7;3;7492
07/07/2024;2024;7;7;1;3;7493
08/07/2024;2024;8;7;2;3;7494
09/07/2024;2024;9;7;3;3;7495
10/07/2024;2024;10;7;4;3;7496
11/07/2024;2024;11;7;5;3;7497
12/07/2024;2024;12;7;6;3;7498
13/07/2024;2024;13;7;7;3;7499
14/07/2024;2024;14;7;1;3;7500
15/07/2024;2024;15;7;2;3;7501
16/07/2024;2024;16;7;3;3;7502
17/07/2024;2024;17;7;4;3;7503
18/07/2024;2024;18;7;5;3;7504
19/07/2024;2024;19;7;6;3;7505
20/07/2024;2024;20;7;7;3;7506
21/07/2024;2024;21;7;1;3;7507
22/07/2024;2024;22;7;2;3;7508
23/07/2024;2024;23;7;3;3;7509
24/07/2024;2024;24;7;4;3;7510
25/07/2024;2024;25;7;5;3;7511
26/07/2024;2024;26;7;6;3;7512
27/07/2024;2024;27;7;7;3;7513
28/07/2024;2024;28;7;1;3;7514
29/07/2024;2024;29;7;2;3;7515
30/07/2024;2024;30;7;3;3;7516
31/07/2024;2024;31;7;4;3;7517
01/08/2024;2024;1;8;5;3;7518
02/08/2024;2024;2;8;6;3;7519
03/08/2024;2024;3;8;7;3;7520
04/08/2024;2024;4;8;1;3;7521
05/08/2024;2024;5;8;2;3;7522
06/08/2024;2024;6;8;3;3;7523
07/08/2024;2024;7;8;4;3;7524
08/08/2024;2024;8;8;5;3;7525
09/08/2024;2024;9;8;6;3;7526
10/08/2024;2024;10;8;7;3;7527
11/08/2024;2024;11;8;1;3;7528
12/08/2024;2024;12;8;2;3;7529
13/08/2024;2024;13;8;3;3;7530
14/08/2024;2024;14;8;4;3;7531
15/08/2024;2024;15;8;5;3;7532
16/08/2024;2024;16;8;6;3;7533
17/08/2024;2024;17;8;7;3;7534
18/08/2024;2024;18;8;1;3;7535
19/08/2024;2024;19;8;2;3;7536
20/08/2024;2024;20;8;3;3;7537
21/08/2024;2024;21;8;4;3;7538
22/08/2024;2024;22;8;5;3;7539
23/08/2024;2024;23;8;6;3;7540
24/08/2024;2024;24;8;7;3;7541
25/08/2024;2024;25;8;1;3;7542
26/08/2024;2024;26;8;2;3;7543
27/08/2024;2024;27;8;3;3;7544
28/08/2024;2024;28;8;4;3;7545
29/08/2024;2024;29;8;5;3;7546
30/08/2024;2024;30;8;6;3;7547
31/08/2024;2024;31;8;7;3;7548
01/09/2024;2024;1;9;1;3;7549
02/09/2024;2024;2;9;2;3;7550
03/09/2024;2024;3;9;3;3;7551
04/09/2024;2024;4;9;4;3;7552
05/09/2024;2024;5;9;5;3;7553
06/09/2024;2024;6;9;6;3;7554
07/09/2024;2024;7;9;7;3;7555
08/09/2024;2024;8;9;1;3;7556
09/09/2024;2024;9;9;2;3;7557
10/09/2024;2024;10;9;3;3;7558
11/09/2024;2024;11;9;4;3;7559
12/09/2024;2024;12;9;5;3;7560
13/09/2024;2024;13;9;6;3;7561
14/09/2024;2024;14;9;7;3;7562
15/09/2024;2024;15;9;1;3;7563
16/09/2024;2024;16;9;2;3;7564
17/09/2024;2024;17;9;3;3;7565
18/09/2024;2024;18;9;4;3;7566
19/09/2024;2024;19;9;5;3;7567
20/09/2024;2024;20;9;6;3;7568
21/09/2024;2024;21;9;7;3;7569
22/09/2024;2024;22;9;1;3;7570
23/09/2024;2024;23;9;2;3;7571
24/09/2024;2024;24;9;3;3;7572
25/09/2024;2024;25;9;4;3;7573
26/09/2024;2024;26;9;5;3;7574
27/09/2024;2024;27;9;6;3;7575
28/09/2024;2024;28;9;7;3;7576
29/09/2024;2024;29;9;1;3;7577
30/09/2024;2024;30;9;2;3;7578
01/10/2024;2024;1;10;3;4;7579
02/10/2024;2024;2;10;4;4;7580
03/10/2024;2024;3;10;5;4;7581
04/10/2024;2024;4;10;6;4;7582
05/10/2024;2024;5;10;7;4;7583
06/10/2024;2024;6;10;1;4;7584
07/10/2024;2024;7;10;2;4;7585
08/10/2024;2024;8;10;3;4;7586
09/10/2024;2024;9;10;4;4;7587
10/10/2024;2024;10;10;5;4;7588
11/10/2024;2024;11;10;6;4;7589
12/10/2024;2024;12;10;7;4;7590
13/10/2024;2024;13;10;1;4;7591
14/10/2024;2024;14;10;2;4;7592
15/10/2024;2024;15;10;3;4;7593
16/10/2024;2024;16;10;4;4;7594
17/10/2024;2024;17;10;5;4;7595
18/10/2024;2024;18;10;6;4;7596
19/10/2024;2024;19;10;7;4;7597
20/10/2024;2024;20;10;1;4;7598
21/10/2024;2024;21;10;2;4;7599
22/10/2024;2024;22;10;3;4;7600
23/10/2024;2024;23;10;4;4;7601
24/10/2024;2024;24;10;5;4;7602
25/10/2024;2024;25;10;6;4;7603
26/10/2024;2024;26;10;7;4;7604
27/10/2024;2024;27;10;1;4;7605
28/10/2024;2024;28;10;2;4;7606
29/10/2024;2024;29;10;3;4;7607
30/10/2024;2024;30;10;4;4;7608
31/10/2024;2024;31;10;5;4;7609
01/11/2024;2024;1;11;6;4;7610
02/11/2024;2024;2;11;7;4;7611
03/11/2024;2024;3;11;1;4;7612
04/11/2024;2024;4;11;2;4;7613
05/11/2024;2024;5;11;3;4;7614
06/11/2024;2024;6;11;4;4;7615
07/11/2024;2024;7;11;5;4;7616
08/11/2024;2024;8;11;6;4;7617
09/11/2024;2024;9;11;7;4;7618
10/11/2024;2024;10;11;1;4;7619
11/11/2024;2024;11;11;2;4;7620
12/11/2024;2024;12;11;3;4;7621
13/11/2024;2024;13;11;4;4;7622
14/11/2024;2024;14;11;5;4;7623
15/11/2024;2024;15;11;6;4;7624
16/11/2024;2024;16;11;7;4;7625
17/11/2024;2024;17;11;1;4;7626
18/11/2024;2024;18;11;2;4;7627
19/11/2024;2024;19;11;3;4;7628
20/11/2024;2024;20;11;4;4;7629
21/11/2024;2024;21;11;5;4;7630
22/11/2024;2024;22;11;6;4;7631
23/11/2024;2024;23;11;7;4;7632
24/11/2024;2024;24;11;1;4;7633
25/11/2024;2024;25;11;2;4;7634
26/11/2024;2024;26;11;3;4;7635
27/11/2024;2024;27;11;4;4;7636
28/11/2024;2024;28;11;5;4;7637
29/11/2024;2024;29;11;6;4;7638
30/11/2024;2024;30;11;7;4;7639
01/12/2024;2024;1;12;1;4;7640
02/12/2024;2024;2;12;2;4;7641
03/12/2024;2024;3;12;3;4;7642
04/12/2024;2024;4;12;4;4;7643
05/12/2024;2024;5;12;5;4;7644
06/12/2024;2024;6;12;6;4;7645
07/12/2024;2024;7;12;7;4;7646
08/12/2024;2024;8;12;1;4;7647
09/12/2024;2024;9;12;2;4;7648
10/12/2024;2024;10;12;3;4;7649
11/12/2024;2024;11;12;4;4;7650
12/12/2024;2024;12;12;5;4;7651
13/12/2024;2024;13;12;6;4;7652
14/12/2024;2024;14;12;7;4;7653
15/12/2024;2024;15;12;1;4;7654
16/12/2024;2024;16;12;2;4;7655
17/12/2024;2024;17;12;3;4;7656
18/12/2024;2024;18;12;4;4;7657
19/12/2024;2024;19;12;5;4;7658
20/12/2024;2024;20;12;6;4;7659
21/12/2024;2024;21;12;7;4;7660
22/12/2024;2024;22;12;1;4;7661
23/12/2024;2024;23;12;2;4;7662
24/12/2024;2024;24;12;3;4;7663
25/12/2024;2024;25;12;4;4;7664
26/12/2024;2024;26;12;5;4;7665
27/12/2024;2024;27;12;6;4;7666
28/12/2024;2024;28;12;7;4;7667
29/12/2024;2024;29;12;1;4;7668
30/12/2024;2024;30;12;2;4;7669
31/12/2024;2024;31;12;3;4;7670
01/01/2025;2025;1;1;4;1;7671
02/01/2025;2025;2;1;5;1;7672
03/01/2025;2025;3;1;6;1;7673
04/01/2025;2025;4;1;7;1;7674
05/01/2025;2025;5;1;1;1;7675
06/01/2025;2025;6;1;2;1;7676
07/01/2025;2025;7;1;3;1;7677
08/01/2025;2025;8;1;4;1;7678
09/01/2025;2025;9;1;5;1;7679
10/01/2025;2025;10;1;6;1;7680
11/01/2025;2025;11;1;7;1;7681
12/01/2025;2025;12;1;1;1;7682
13/01/2025;2025;13;1;2;1;7683
14/01/2025;2025;14;1;3;1;7684
15/01/2025;2025;15;1;4;1;7685
16/01/2025;2025;16;1;5;1;7686
17/01/2025;2025;17;1;6;1;7687
18/01/2025;2025;18;1;7;1;7688
19/01/2025;2025;19;1;1;1;7689
20/01/2025;2025;20;1;2;1;7690
21/01/2025;2025;21;1;3;1;7691
22/01/2025;2025;22;1;4;1;7692
23/01/2025;2025;23;1;5;1;7693
24/01/2025;2025;24;1;6;1;7694
25/01/2025;2025;25;1;7;1;7695
26/01/2025;2025;26;1;1;1;7696
27/01/2025;2025;27;1;2;1;7697
28/01/2025;2025;28;1;3;1;7698
29/01/2025;2025;29;1;4;1;7699
30/01/2025;2025;30;1;5;1;7700
31/01/2025;2025;31;1;6;1;7701
01/02/2025;2025;1;2;7;1;7702
02/02/2025;2025;2;2;1;1;7703
03/02/2025;2025;3;2;2;1;7704
04/02/2025;2025;4;2;3;1;7705
05/02/2025;2025;5;2;4;1;7706
06/02/2025;2025;6;2;5;1;7707
07/02/2025;2025;7;2;6;1;7708
08/02/2025;2025;8;2;7;1;7709
09/02/2025;2025;9;2;1;1;7710
10/02/2025;2025;10;2;2;1;7711
11/02/2025;2025;11;2;3;1;7712
12/02/2025;2025;12;2;4;1;7713
13/02/2025;2025;13;2;5;1;7714
14/02/2025;2025;14;2;6;1;7715
15/02/2025;2025;15;2;7;1;7716
16/02/2025;2025;16;2;1;1;7717
17/02/2025;2025;17;2;2;1;7718
18/02/2025;2025;18;2;3;1;7719
19/02/2025;2025;19;2;4;1;7720
20/02/2025;2025;20;2;5;1;7721
21/02/2025;2025;21;2;6;1;7722
22/02/2025;2025;22;2;7;1;7723
23/02/2025;2025;23;2;1;1;7724
24/02/2025;2025;24;2;2;1;7725
25/02/2025;2025;25;2;3;1;7726
26/02/2025;2025;26;2;4;1;7727
27/02/2025;2025;27;2;5;1;7728
28/02/2025;2025;28;2;6;1;7729
01/03/2025;2025;1;3;7;1;7730
02/03/2025;2025;2;3;1;1;7731
03/03/2025;2025;3;3;2;1;7732
04/03/2025;2025;4;3;3;1;7733
05/03/2025;2025;5;3;4;1;7734
06/03/2025;2025;6;3;5;1;7735
07/03/2025;2025;7;3;6;1;7736
08/03/2025;2025;8;3;7;1;7737
09/03/2025;2025;9;3;1;1;7738
10/03/2025;2025;10;3;2;1;7739
11/03/2025;2025;11;3;3;1;7740
12/03/2025;2025;12;3;4;1;7741
13/03/2025;2025;13;3;5;1;7742
14/03/2025;2025;14;3;6;1;7743
15/03/2025;2025;15;3;7;1;7744
16/03/2025;2025;16;3;1;1;7745
17/03/2025;2025;17;3;2;1;7746
18/03/2025;2025;18;3;3;1;7747
19/03/2025;2025;19;3;4;1;7748
20/03/2025;2025;20;3;5;1;7749
21/03/2025;2025;21;3;6;1;7750
22/03/2025;2025;22;3;7;1;7751
23/03/2025;2025;23;3;1;1;7752
24/03/2025;2025;24;3;2;1;7753
25/03/2025;2025;25;3;3;1;7754
26/03/2025;2025;26;3;4;1;7755
27/03/2025;2025;27;3;5;1;7756
28/03/2025;2025;28;3;6;1;7757
29/03/2025;2025;29;3;7;1;7758
30/03/2025;2025;30;3;1;1;7759
31/03/2025;2025;31;3;2;1;7760
01/04/2025;2025;1;4;3;2;7761
02/04/2025;2025;2;4;4;2;7762
03/04/2025;2025;3;4;5;2;7763
04/04/2025;2025;4;4;6;2;7764
05/04/2025;2025;5;4;7;2;7765
06/04/2025;2025;6;4;1;2;7766
07/04/2025;2025;7;4;2;2;7767
08/04/2025;2025;8;4;3;2;7768
09/04/2025;2025;9;4;4;2;7769
10/04/2025;2025;10;4;5;2;7770
11/04/2025;2025;11;4;6;2;7771
12/04/2025;2025;12;4;7;2;7772
13/04/2025;2025;13;4;1;2;7773
14/04/2025;2025;14;4;2;2;7774
15/04/2025;2025;15;4;3;2;7775
16/04/2025;2025;16;4;4;2;7776
17/04/2025;2025;17;4;5;2;7777
18/04/2025;2025;18;4;6;2;7778
19/04/2025;2025;19;4;7;2;7779
20/04/2025;2025;20;4;1;2;7780
21/04/2025;2025;21;4;2;2;7781
22/04/2025;2025;22;4;3;2;7782
23/04/2025;2025;23;4;4;2;7783
24/04/2025;2025;24;4;5;2;7784
25/04/2025;2025;25;4;6;2;7785
26/04/2025;2025;26;4;7;2;7786
27/04/2025;2025;27;4;1;2;7787
28/04/2025;2025;28;4;2;2;7788
29/04/2025;2025;29;4;3;2;7789
30/04/2025;2025;30;4;4;2;7790
01/05/2025;2025;1;5;5;2;7791
02/05/2025;2025;2;5;6;2;7792
03/05/2025;2025;3;5;7;2;7793
04/05/2025;2025;4;5;1;2;7794
05/05/2025;2025;5;5;2;2;7795
06/05/2025;2025;6;5;3;2;7796
07/05/2025;2025;7;5;4;2;7797
08/05/2025;2025;8;5;5;2;7798
09/05/2025;2025;9;5;6;2;7799
10/05/2025;2025;10;5;7;2;7800
11/05/2025;2025;11;5;1;2;7801
12/05/2025;2025;12;5;2;2;7802
13/05/2025;2025;13;5;3;2;7803
14/05/2025;2025;14;5;4;2;7804
15/05/2025;2025;15;5;5;2;7805
16/05/2025;2025;16;5;6;2;7806
17/05/2025;2025;17;5;7;2;7807
18/05/2025;2025;18;5;1;2;7808
19/05/2025;2025;19;5;2;2;7809
21/05/2025;2025;21;5;4;2;7810
22/05/2025;2025;22;5;5;2;7811
23/05/2025;2025;23;5;6;2;7812
24/05/2025;2025;24;5;7;2;7813
25/05/2025;2025;25;5;1;2;7814
26/05/2025;2025;26;5;2;2;7815
27/05/2025;2025;27;5;3;2;7816
28/05/2025;2025;28;5;4;2;7817
29/05/2025;2025;29;5;5;2;7818
30/05/2025;2025;30;5;6;2;7819
31/05/2025;2025;31;5;7;2;7820
01/06/2025;2025;1;6;1;2;7821
02/06/2025;2025;2;6;2;2;7822
03/06/2025;2025;3;6;3;2;7823
04/06/2025;2025;4;6;4;2;7824
05/06/2025;2025;5;6;5;2;7825
06/06/2025;2025;6;6;6;2;7826
07/06/2025;2025;7;6;7;2;7827
08/06/2025;2025;8;6;1;2;7828
09/06/2025;2025;9;6;2;2;7829
10/06/2025;2025;10;6;3;2;7830
11/06/2025;2025;11;6;4;2;7831
12/06/2025;2025;12;6;5;2;7832
13/06/2025;2025;13;6;6;2;7833
14/06/2025;2025;14;6;7;2;7834
15/06/2025;2025;15;6;1;2;7835
16/06/2025;2025;16;6;2;2;7836
17/06/2025;2025;17;6;3;2;7837
18/06/2025;2025;18;6;4;2;7838
19/06/2025;2025;19;6;5;2;7839
20/06/2025;2025;20;6;6;2;7840
21/06/2025;2025;21;6;7;2;7841
22/06/2025;2025;22;6;1;2;7842
23/06/2025;2025;23;6;2;2;7843
24/06/2025;2025;24;6;3;2;7844
25/06/2025;2025;25;6;4;2;7845
26/06/2025;2025;26;6;5;2;7846
27/06/2025;2025;27;6;6;2;7847
28/06/2025;2025;28;6;7;2;7848
29/06/2025;2025;29;6;1;2;7849
30/06/2025;2025;30;6;2;2;7850
01/07/2025;2025;1;7;3;3;7851
02/07/2025;2025;2;7;4;3;7852
03/07/2025;2025;3;7;5;3;7853
04/07/2025;2025;4;7;6;3;7854
05/07/2025;2025;5;7;7;3;7855
06/07/2025;2025;6;7;1;3;7856
07/07/2025;2025;7;7;2;3;7857
08/07/2025;2025;8;7;3;3;7858
09/07/2025;2025;9;7;4;3;7859
10/07/2025;2025;10;7;5;3;7860
11/07/2025;2025;11;7;6;3;7861
12/07/2025;2025;12;7;7;3;7862
13/07/2025;2025;13;7;1;3;7863
14/07/2025;2025;14;7;2;3;7864
15/07/2025;2025;15;7;3;3;7865
16/07/2025;2025;16;7;4;3;7866
17/07/2025;2025;17;7;5;3;7867
18/07/2025;2025;18;7;6;3;7868
19/07/2025;2025;19;7;7;3;7869
20/07/2025;2025;20;7;1;3;7870
21/07/2025;2025;21;7;2;3;7871
22/07/2025;2025;22;7;3;3;7872
23/07/2025;2025;23;7;4;3;7873
24/07/2025;2025;24;7;5;3;7874
25/07/2025;2025;25;7;6;3;7875
26/07/2025;2025;26;7;7;3;7876
27/07/2025;2025;27;7;1;3;7877
28/07/2025;2025;28;7;2;3;7878
29/07/2025;2025;29;7;3;3;7879
30/07/2025;2025;30;7;4;3;7880
31/07/2025;2025;31;7;5;3;7881
01/08/2025;2025;1;8;6;3;7882
02/08/2025;2025;2;8;7;3;7883
03/08/2025;2025;3;8;1;3;7884
04/08/2025;2025;4;8;2;3;7885
05/08/2025;2025;5;8;3;3;7886
06/08/2025;2025;6;8;4;3;7887
07/08/2025;2025;7;8;5;3;7888
08/08/2025;2025;8;8;6;3;7889
09/08/2025;2025;9;8;7;3;7890
10/08/2025;2025;10;8;1;3;7891
11/08/2025;2025;11;8;2;3;7892
12/08/2025;2025;12;8;3;3;7893
13/08/2025;2025;13;8;4;3;7894
14/08/2025;2025;14;8;5;3;7895
15/08/2025;2025;15;8;6;3;7896
16/08/2025;2025;16;8;7;3;7897
17/08/2025;2025;17;8;1;3;7898
18/08/2025;2025;18;8;2;3;7899
19/08/2025;2025;19;8;3;3;7900
20/08/2025;2025;20;8;4;3;7901
21/08/2025;2025;21;8;5;3;7902
22/08/2025;2025;22;8;6;3;7903
23/08/2025;2025;23;8;7;3;7904
24/08/2025;2025;24;8;1;3;7905
25/08/2025;2025;25;8;2;3;7906
26/08/2025;2025;26;8;3;3;7907
27/08/2025;2025;27;8;4;3;7908
28/08/2025;2025;28;8;5;3;7909
29/08/2025;2025;29;8;6;3;7910
30/08/2025;2025;30;8;7;3;7911
31/08/2025;2025;31;8;1;3;7912
01/09/2025;2025;1;9;2;3;7913
02/09/2025;2025;2;9;3;3;7914
03/09/2025;2025;3;9;4;3;7915
04/09/2025;2025;4;9;5;3;7916
05/09/2025;2025;5;9;6;3;7917
06/09/2025;2025;6;9;7;3;7918
07/09/2025;2025;7;9;1;3;7919
08/09/2025;2025;8;9;2;3;7920
09/09/2025;2025;9;9;3;3;7921
10/09/2025;2025;10;9;4;3;7922
11/09/2025;2025;11;9;5;3;7923
12/09/2025;2025;12;9;6;3;7924
13/09/2025;2025;13;9;7;3;7925
14/09/2025;2025;14;9;1;3;7926
15/09/2025;2025;15;9;2;3;7927
16/09/2025;2025;16;9;3;3;7928
17/09/2025;2025;17;9;4;3;7929
18/09/2025;2025;18;9;5;3;7930
19/09/2025;2025;19;9;6;3;7931
20/09/2025;2025;20;9;7;3;7932
21/09/2025;2025;21;9;1;3;7933
22/09/2025;2025;22;9;2;3;7934
23/09/2025;2025;23;9;3;3;7935
24/09/2025;2025;24;9;4;3;7936
25/09/2025;2025;25;9;5;3;7937
26/09/2025;2025;26;9;6;3;7938
27/09/2025;2025;27;9;7;3;7939
28/09/2025;2025;28;9;1;3;7940
29/09/2025;2025;29;9;2;3;7941
30/09/2025;2025;30;9;3;3;7942
01/10/2025;2025;1;10;4;4;7943
02/10/2025;2025;2;10;5;4;7944
03/10/2025;2025;3;10;6;4;7945
04/10/2025;2025;4;10;7;4;7946
05/10/2025;2025;5;10;1;4;7947
06/10/2025;2025;6;10;2;4;7948
07/10/2025;2025;7;10;3;4;7949
08/10/2025;2025;8;10;4;4;7950
09/10/2025;2025;9;10;5;4;7951
10/10/2025;2025;10;10;6;4;7952
11/10/2025;2025;11;10;7;4;7953
12/10/2025;2025;12;10;1;4;7954
13/10/2025;2025;13;10;2;4;7955
14/10/2025;2025;14;10;3;4;7956
16/10/2025;2025;16;10;5;4;7957
17/10/2025;2025;17;10;6;4;7958
18/10/2025;2025;18;10;7;4;7959
19/10/2025;2025;19;10;1;4;7960
20/10/2025;2025;20;10;2;4;7961
21/10/2025;2025;21;10;3;4;7962
22/10/2025;2025;22;10;4;4;7963
23/10/2025;2025;23;10;5;4;7964
24/10/2025;2025;24;10;6;4;7965
25/10/2025;2025;25;10;7;4;7966
26/10/2025;2025;26;10;1;4;7967
27/10/2025;2025;27;10;2;4;7968
28/10/2025;2025;28;10;3;4;7969
29/10/2025;2025;29;10;4;4;7970
30/10/2025;2025;30;10;5;4;7971
31/10/2025;2025;31;10;6;4;7972
01/11/2025;2025;1;11;7;4;7973
02/11/2025;2025;2;11;1;4;7974
03/11/2025;2025;3;11;2;4;7975
04/11/2025;2025;4;11;3;4;7976
05/11/2025;2025;5;11;4;4;7977
06/11/2025;2025;6;11;5;4;7978
07/11/2025;2025;7;11;6;4;7979
08/11/2025;2025;8;11;7;4;7980
09/11/2025;2025;9;11;1;4;7981
10/11/2025;2025;10;11;2;4;7982
11/11/2025;2025;11;11;3;4;7983
12/11/2025;2025;12;11;4;4;7984
13/11/2025;2025;13;11;5;4;7985
14/11/2025;2025;14;11;6;4;7986
15/11/2025;2025;15;11;7;4;7987
16/11/2025;2025;16;11;1;4;7988
17/11/2025;2025;17;11;2;4;7989
18/11/2025;2025;18;11;3;4;7990
19/11/2025;2025;19;11;4;4;7991
20/11/2025;2025;20;11;5;4;7992
21/11/2025;2025;21;11;6;4;7993
22/11/2025;2025;22;11;7;4;7994
23/11/2025;2025;23;11;1;4;7995
24/11/2025;2025;24;11;2;4;7996
25/11/2025;2025;25;11;3;4;7997
26/11/2025;2025;26;11;4;4;7998
27/11/2025;2025;27;11;5;4;7999
28/11/2025;2025;28;11;6;4;8000
29/11/2025;2025;29;11;7;4;8001
30/11/2025;2025;30;11;1;4;8002
01/12/2025;2025;1;12;2;4;8003
02/12/2025;2025;2;12;3;4;8004
03/12/2025;2025;3;12;4;4;8005
04/12/2025;2025;4;12;5;4;8006
05/12/2025;2025;5;12;6;4;8007
06/12/2025;2025;6;12;7;4;8008
07/12/2025;2025;7;12;1;4;8009
08/12/2025;2025;8;12;2;4;8010
09/12/2025;2025;9;12;3;4;8011
10/12/2025;2025;10;12;4;4;8012
11/12/2025;2025;11;12;5;4;8013
12/12/2025;2025;12;12;6;4;8014
13/12/2025;2025;13;12;7;4;8015
14/12/2025;2025;14;12;1;4;8016
15/12/2025;2025;15;12;2;4;8017
16/12/2025;2025;16;12;3;4;8018
17/12/2025;2025;17;12;4;4;8019
18/12/2025;2025;18;12;5;4;8020
19/12/2025;2025;19;12;6;4;8021
20/12/2025;2025;20;12;7;4;8022
21/12/2025;2025;21;12;1;4;8023
22/12/2025;2025;22;12;2;4;8024
23/12/2025;2025;23;12;3;4;8025
24/12/2025;2025;24;12;4;4;8026
25/12/2025;2025;25;12;5;4;8027
26/12/2025;2025;26;12;6;4;8028
27/12/2025;2025;27;12;7;4;8029
28/12/2025;2025;28;12;1;4;8030
29/12/2025;2025;29;12;2;4;8031
30/12/2025;2025;30;12;3;4;8032
31/12/2025;2025;31;12;4;4;8033
01/01/2026;2026;1;1;5;1;8034
02/01/2026;2026;2;1;6;1;8035
03/01/2026;2026;3;1;7;1;8036
04/01/2026;2026;4;1;1;1;8037
05/01/2026;2026;5;1;2;1;8038
06/01/2026;2026;6;1;3;1;8039
07/01/2026;2026;7;1;4;1;8040
08/01/2026;2026;8;1;5;1;8041
09/01/2026;2026;9;1;6;1;8042
10/01/2026;2026;10;1;7;1;8043
11/01/2026;2026;11;1;1;1;8044
12/01/2026;2026;12;1;2;1;8045
13/01/2026;2026;13;1;3;1;8046
14/01/2026;2026;14;1;4;1;8047
15/01/2026;2026;15;1;5;1;8048
16/01/2026;2026;16;1;6;1;8049
17/01/2026;2026;17;1;7;1;8050
18/01/2026;2026;18;1;1;1;8051
19/01/2026;2026;19;1;2;1;8052
20/01/2026;2026;20;1;3;1;8053
21/01/2026;2026;21;1;4;1;8054
22/01/2026;2026;22;1;5;1;8055
23/01/2026;2026;23;1;6;1;8056
24/01/2026;2026;24;1;7;1;8057
25/01/2026;2026;25;1;1;1;8058
26/01/2026;2026;26;1;2;1;8059
27/01/2026;2026;27;1;3;1;8060
28/01/2026;2026;28;1;4;1;8061
29/01/2026;2026;29;1;5;1;8062
30/01/2026;2026;30;1;6;1;8063
31/01/2026;2026;31;1;7;1;8064
01/02/2026;2026;1;2;1;1;8065
02/02/2026;2026;2;2;2;1;8066
03/02/2026;2026;3;2;3;1;8067
04/02/2026;2026;4;2;4;1;8068
05/02/2026;2026;5;2;5;1;8069
06/02/2026;2026;6;2;6;1;8070
07/02/2026;2026;7;2;7;1;8071
08/02/2026;2026;8;2;1;1;8072
09/02/2026;2026;9;2;2;1;8073
10/02/2026;2026;10;2;3;1;8074
11/02/2026;2026;11;2;4;1;8075
12/02/2026;2026;12;2;5;1;8076
13/02/2026;2026;13;2;6;1;8077
14/02/2026;2026;14;2;7;1;8078
15/02/2026;2026;15;2;1;1;8079
16/02/2026;2026;16;2;2;1;8080
17/02/2026;2026;17;2;3;1;8081
18/02/2026;2026;18;2;4;1;8082
19/02/2026;2026;19;2;5;1;8083
20/02/2026;2026;20;2;6;1;8084
21/02/2026;2026;21;2;7;1;8085
22/02/2026;2026;22;2;1;1;8086
23/02/2026;2026;23;2;2;1;8087
24/02/2026;2026;24;2;3;1;8088
25/02/2026;2026;25;2;4;1;8089
26/02/2026;2026;26;2;5;1;8090
27/02/2026;2026;27;2;6;1;8091
28/02/2026;2026;28;2;7;1;8092
01/03/2026;2026;1;3;1;1;8093
02/03/2026;2026;2;3;2;1;8094
03/03/2026;2026;3;3;3;1;8095
04/03/2026;2026;4;3;4;1;8096
05/03/2026;2026;5;3;5;1;8097
06/03/2026;2026;6;3;6;1;8098
07/03/2026;2026;7;3;7;1;8099
08/03/2026;2026;8;3;1;1;8100
09/03/2026;2026;9;3;2;1;8101
10/03/2026;2026;10;3;3;1;8102
11/03/2026;2026;11;3;4;1;8103
12/03/2026;2026;12;3;5;1;8104
13/03/2026;2026;13;3;6;1;8105
14/03/2026;2026;14;3;7;1;8106
15/03/2026;2026;15;3;1;1;8107
16/03/2026;2026;16;3;2;1;8108
17/03/2026;2026;17;3;3;1;8109
18/03/2026;2026;18;3;4;1;8110
19/03/2026;2026;19;3;5;1;8111
20/03/2026;2026;20;3;6;1;8112
21/03/2026;2026;21;3;7;1;8113
22/03/2026;2026;22;3;1;1;8114
23/03/2026;2026;23;3;2;1;8115
24/03/2026;2026;24;3;3;1;8116
25/03/2026;2026;25;3;4;1;8117
26/03/2026;2026;26;3;5;1;8118
27/03/2026;2026;27;3;6;1;8119
28/03/2026;2026;28;3;7;1;8120
29/03/2026;2026;29;3;1;1;8121
30/03/2026;2026;30;3;2;1;8122
31/03/2026;2026;31;3;3;1;8123
01/04/2026;2026;1;4;4;2;8124
02/04/2026;2026;2;4;5;2;8125
03/04/2026;2026;3;4;6;2;8126
04/04/2026;2026;4;4;7;2;8127
05/04/2026;2026;5;4;1;2;8128
06/04/2026;2026;6;4;2;2;8129
07/04/2026;2026;7;4;3;2;8130
08/04/2026;2026;8;4;4;2;8131
09/04/2026;2026;9;4;5;2;8132
10/04/2026;2026;10;4;6;2;8133
11/04/2026;2026;11;4;7;2;8134
12/04/2026;2026;12;4;1;2;8135
13/04/2026;2026;13;4;2;2;8136
14/04/2026;2026;14;4;3;2;8137
15/04/2026;2026;15;4;4;2;8138
16/04/2026;2026;16;4;5;2;8139
17/04/2026;2026;17;4;6;2;8140
18/04/2026;2026;18;4;7;2;8141
19/04/2026;2026;19;4;1;2;8142
20/04/2026;2026;20;4;2;2;8143
21/04/2026;2026;21;4;3;2;8144
22/04/2026;2026;22;4;4;2;8145
23/04/2026;2026;23;4;5;2;8146
24/04/2026;2026;24;4;6;2;8147
25/04/2026;2026;25;4;7;2;8148
26/04/2026;2026;26;4;1;2;8149
27/04/2026;2026;27;4;2;2;8150
28/04/2026;2026;28;4;3;2;8151
29/04/2026;2026;29;4;4;2;8152
30/04/2026;2026;30;4;5;2;8153
01/05/2026;2026;1;5;6;2;8154
02/05/2026;2026;2;5;7;2;8155
03/05/2026;2026;3;5;1;2;8156
04/05/2026;2026;4;5;2;2;8157
05/05/2026;2026;5;5;3;2;8158
06/05/2026;2026;6;5;4;2;8159
07/05/2026;2026;7;5;5;2;8160
08/05/2026;2026;8;5;6;2;8161
09/05/2026;2026;9;5;7;2;8162
10/05/2026;2026;10;5;1;2;8163
11/05/2026;2026;11;5;2;2;8164
12/05/2026;2026;12;5;3;2;8165
13/05/2026;2026;13;5;4;2;8166
14/05/2026;2026;14;5;5;2;8167
15/05/2026;2026;15;5;6;2;8168
16/05/2026;2026;16;5;7;2;8169
17/05/2026;2026;17;5;1;2;8170
18/05/2026;2026;18;5;2;2;8171
19/05/2026;2026;19;5;3;2;8172
20/05/2026;2026;20;5;4;2;8173
21/05/2026;2026;21;5;5;2;8174
22/05/2026;2026;22;5;6;2;8175
23/05/2026;2026;23;5;7;2;8176
24/05/2026;2026;24;5;1;2;8177
25/05/2026;2026;25;5;2;2;8178
26/05/2026;2026;26;5;3;2;8179
27/05/2026;2026;27;5;4;2;8180
28/05/2026;2026;28;5;5;2;8181
29/05/2026;2026;29;5;6;2;8182
30/05/2026;2026;30;5;7;2;8183
31/05/2026;2026;31;5;1;2;8184
01/06/2026;2026;1;6;2;2;8185
02/06/2026;2026;2;6;3;2;8186
03/06/2026;2026;3;6;4;2;8187
04/06/2026;2026;4;6;5;2;8188
05/06/2026;2026;5;6;6;2;8189
06/06/2026;2026;6;6;7;2;8190
07/06/2026;2026;7;6;1;2;8191
08/06/2026;2026;8;6;2;2;8192
09/06/2026;2026;9;6;3;2;8193
10/06/2026;2026;10;6;4;2;8194
11/06/2026;2026;11;6;5;2;8195
12/06/2026;2026;12;6;6;2;8196
13/06/2026;2026;13;6;7;2;8197
14/06/2026;2026;14;6;1;2;8198
15/06/2026;2026;15;6;2;2;8199
16/06/2026;2026;16;6;3;2;8200
17/06/2026;2026;17;6;4;2;8201
18/06/2026;2026;18;6;5;2;8202
19/06/2026;2026;19;6;6;2;8203
20/06/2026;2026;20;6;7;2;8204
21/06/2026;2026;21;6;1;2;8205
22/06/2026;2026;22;6;2;2;8206
23/06/2026;2026;23;6;3;2;8207
24/06/2026;2026;24;6;4;2;8208
25/06/2026;2026;25;6;5;2;8209
26/06/2026;2026;26;6;6;2;8210
27/06/2026;2026;27;6;7;2;8211
28/06/2026;2026;28;6;1;2;8212
29/06/2026;2026;29;6;2;2;8213
30/06/2026;2026;30;6;3;2;8214
01/07/2026;2026;1;7;4;3;8215
02/07/2026;2026;2;7;5;3;8216
03/07/2026;2026;3;7;6;3;8217
04/07/2026;2026;4;7;7;3;8218
05/07/2026;2026;5;7;1;3;8219
06/07/2026;2026;6;7;2;3;8220
07/07/2026;2026;7;7;3;3;8221
08/07/2026;2026;8;7;4;3;8222
09/07/2026;2026;9;7;5;3;8223
10/07/2026;2026;10;7;6;3;8224
11/07/2026;2026;11;7;7;3;8225
12/07/2026;2026;12;7;1;3;8226
13/07/2026;2026;13;7;2;3;8227
14/07/2026;2026;14;7;3;3;8228
15/07/2026;2026;15;7;4;3;8229
16/07/2026;2026;16;7;5;3;8230
17/07/2026;2026;17;7;6;3;8231
18/07/2026;2026;18;7;7;3;8232
19/07/2026;2026;19;7;1;3;8233
20/07/2026;2026;20;7;2;3;8234
21/07/2026;2026;21;7;3;3;8235
22/07/2026;2026;22;7;4;3;8236
24/07/2026;2026;24;7;6;3;8237
25/07/2026;2026;25;7;7;3;8238
26/07/2026;2026;26;7;1;3;8239
27/07/2026;2026;27;7;2;3;8240
28/07/2026;2026;28;7;3;3;8241
29/07/2026;2026;29;7;4;3;8242
30/07/2026;2026;30;7;5;3;8243
31/07/2026;2026;31;7;6;3;8244
01/08/2026;2026;1;8;7;3;8245
02/08/2026;2026;2;8;1;3;8246
03/08/2026;2026;3;8;2;3;8247
04/08/2026;2026;4;8;3;3;8248
05/08/2026;2026;5;8;4;3;8249
06/08/2026;2026;6;8;5;3;8250
07/08/2026;2026;7;8;6;3;8251
08/08/2026;2026;8;8;7;3;8252
09/08/2026;2026;9;8;1;3;8253
10/08/2026;2026;10;8;2;3;8254
11/08/2026;2026;11;8;3;3;8255
12/08/2026;2026;12;8;4;3;8256
